Date,0P00006G05,DRAM,GLD,NEE,P52.SI,QQQ,SPY,TLT,ULG.SI,XOM
2024-06-10,2.5899999141693115,,213.5399932861328,72.63670349121094,0.4253346920013428,459.7804870605469,522.9332885742188,83.40235137939453,,105.89432525634766
2024-06-11,2.5920000076293945,,214.14999389648438,68.64484405517578,0.4253346920013428,462.9358215332031,524.1927490234375,84.26493072509766,,105.04215240478516
2024-06-12,2.6059999465942383,,214.72000122070312,68.19186401367188,0.42995786666870117,468.999267578125,528.4979858398438,84.89806365966797,,103.88095092773438
2024-06-13,2.611999988555908,,212.97000122070312,69.06007385253906,0.42995786666870117,471.54132080078125,529.56201171875,86.14602661132812,,103.0475082397461
2024-06-14,2.5829999446868896,,215.72999572753906,68.94682312011719,0.42995786666870117,473.9844665527344,529.8843383789062,86.8709487915039,,102.17660522460938
2024-06-17,,,214.61000061035156,68.23905181884766,,479.7907409667969,534.1015014648438,86.00839233398438,,101.47425842285156
2024-06-18,2.5899999141693115,,215.47000122070312,66.47432708740234,0.42995786666870117,479.9390869140625,535.4586181640625,86.79753875732422,,102.42943572998047
2024-06-19,,,,,0.4484506845474243,,,,,
2024-06-20,2.6029999256134033,,218.16000366210938,68.38060760498047,0.4576970934867859,476.2397766113281,534.0039672851562,86.21945190429688,,104.63946533203125
2024-06-21,2.6019999980926514,,214.77999877929688,68.71090698242188,0.4623202681541443,474.9637756347656,533.2880249023438,86.21945190429688,,103.72174835205078
2024-06-24,2.615999937057495,,215.6300048828125,69.69234466552734,0.48081305623054504,469.5564270019531,531.5545043945312,86.56816101074219,,106.80268859863281
2024-06-25,2.614000082015991,,214.55999755859375,68.871337890625,0.47156673669815063,474.9260559082031,533.6014404296875,86.71497344970703,,107.10236358642578
2024-06-26,2.6110000610351562,,212.5800018310547,69.23937225341797,0.47618985176086426,475.90692138671875,534.2673950195312,85.47618103027344,,107.13980865478516
2024-06-27,2.621999979019165,,214.99000549316406,69.56966400146484,0.4900594651699066,477.1353759765625,535.1097412109375,85.81568908691406,,107.59868621826172
2024-06-28,2.609999895095825,,215.00999450683594,66.82350158691406,0.4854362905025482,474.6585998535156,533.0040283203125,84.21903228759766,,107.80469512939453
2024-07-01,2.5980000495910645,,215.57000732421875,65.9647216796875,0.48081305623054504,477.4425048828125,534.1009521484375,82.76551055908203,,107.65486145019531
2024-07-02,2.6080000400543213,,215.55999755859375,66.50263977050781,0.4900594651699066,482.45550537109375,537.6953125,83.4098892211914,,106.92442321777344
2024-07-03,2.6600000858306885,,217.99000549316406,67.78607940673828,0.49930596351623535,486.4778137207031,540.0948486328125,84.50532531738281,,107.46758270263672
2024-07-04,,,,,0.5085522532463074,,,,,
2024-07-05,2.688999891281128,,220.92999267578125,68.03144073486328,0.49930596351623535,491.55023193359375,543.2092895507812,85.20492553710938,,106.16590118408203
2024-07-08,2.7119998931884766,,218.19000244140625,68.05030822753906,0.5039291381835938,492.71923828125,543.8360595703125,85.38905334472656,,105.051513671875
2024-07-09,2.7249999046325684,,218.55999755859375,68.05975341796875,0.5039291381835938,493.145263671875,544.364990234375,85.01162719726562,,103.89032745361328
2024-07-10,2.756999969482422,,219.36000061035156,68.79583740234375,0.49930596351623535,498.2869873046875,549.7516479492188,85.2785873413086,,104.80802917480469
2024-07-11,2.7720000743865967,,223.25,70.49449157714844,0.49930596351623535,487.3595275878906,545.0113525390625,86.10707092285156,,106.05352020263672
2024-07-12,2.7850000858306885,,223.11000061035156,71.72130584716797,0.49930596351623535,490.2226867675781,548.4490356445312,86.47528839111328,,106.07225799560547
2024-07-15,2.796999931335449,,223.8300018310547,66.97449493408203,0.4900594651699066,491.540283203125,549.957275390625,85.48108673095703,,107.88898468017578
2024-07-16,2.7720000743865967,,228.2899932861328,67.85212707519531,0.4854362905025482,491.728515625,553.2185668945312,86.68699645996094,,108.6662368774414
2024-07-17,2.7699999809265137,,227.22999572753906,66.908447265625,0.49930596351623535,477.29388427734375,545.4619140625,86.70540618896484,,110.16456604003906
2024-07-18,2.75,,225.77999877929688,67.63507843017578,0.4946827292442322,475.0350646972656,541.27001953125,86.04261779785156,,111.2508544921875
2024-07-19,2.7239999771118164,,221.72999572753906,67.9465103149414,0.4854362905025482,470.8245544433594,537.6757202148438,85.53632354736328,,108.69432830810547
2024-07-22,2.7100000381469727,,221.8000030517578,68.79583740234375,0.48081305623054504,477.83880615234375,543.2191162109375,85.28778076171875,,107.9451675415039
2024-07-23,2.742000102996826,,222.5800018310547,68.05030822753906,0.4854362905025482,476.154541015625,542.366943359375,85.16809844970703,,106.20335388183594
2024-07-24,2.75600004196167,,221.8000030517578,71.1645278930664,0.4946827292442322,459.07476806640625,530.0756225585938,84.24758911132812,,107.7016830444336
2024-07-25,2.7260000705718994,,218.3300018310547,69.3054428100586,0.48081305623054504,454.01220703125,527.313720703125,84.93799591064453,,109.96791076660156
2024-07-26,2.7219998836517334,,220.6300048828125,70.07927703857422,0.47618985176086426,458.6686096191406,533.2195434570312,85.60076904296875,,109.87425994873047
2024-07-29,2.7339999675750732,,220.32000732421875,70.1547622680664,0.4900594651699066,459.5899353027344,533.5328369140625,86.06103515625,,108.72241973876953
2024-07-30,2.7290000915527344,,222.52000427246094,70.09814453125,0.47618985176086426,453.27911376953125,530.829833984375,86.3924331665039,,110.66088104248047
2024-07-31,2.753999948501587,,226.5500030517578,72.08934783935547,0.4946827292442322,466.6932678222656,539.458251953125,87.2761459350586,,111.05418395996094
2024-08-01,2.739000082015991,,225.77000427246094,73.97675323486328,0.4900594651699066,455.3893127441406,531.8189086914062,88.02886962890625,,109.5184097290039
2024-08-02,2.7200000286102295,,225.33999633789062,74.74115753173828,0.4854362905025482,444.5806884765625,521.9172973632812,90.7719955444336,,109.45285034179688
2024-08-05,2.6110000610351562,,222.47999572753906,72.36302947998047,0.47156673669815063,431.3250427246094,506.7171630859375,91.25227355957031,,107.47692108154297
2024-08-06,2.5880000591278076,,220.6999969482422,72.63670349121094,0.47618985176086426,435.44635009765625,511.38885498046875,89.21109771728516,,106.90569305419922
2024-08-07,2.628999948501587,,220.5500030517578,73.1934814453125,0.4669434726238251,430.7305603027344,507.97076416015625,88.58305358886719,,108.3291244506836
2024-08-08,2.640000104904175,,224.00999450683594,73.17461395263672,0.47156673669815063,443.9070129394531,519.7136840820312,88.03812408447266,,110.398681640625
2024-08-09,,,224.55999755859375,73.09911346435547,,446.22528076171875,522.0054321289062,88.90631103515625,,111.29767608642578
2024-08-12,2.6570000648498535,,228.41000366210938,73.21236419677734,0.4576970934867859,447.1862487792969,522.2797241210938,89.22957611083984,,111.43814086914062
2024-08-13,2.7130000591278076,,228.05999755859375,73.72196197509766,0.4669434726238251,458.28216552734375,530.8689575195312,89.84840393066406,,110.3705825805664
2024-08-14,2.75,,226.1999969482422,73.61814880371094,0.4623202681541443,458.43084716796875,532.5437622070312,90.41178131103516,,111.39131164550781
2024-08-15,2.7709999084472656,,226.91000366210938,73.05194091796875,0.4623202681541443,470.01220703125,541.6716918945312,89.68212890625,,112.08042907714844
2024-08-16,2.799999952316284,,231.99000549316406,74.14662170410156,0.4669434726238251,470.61651611328125,542.8860473632812,89.99617004394531,,111.55179595947266
2024-08-19,2.825000047683716,,231.61000061035156,74.88272094726562,0.4623202681541443,476.7985534667969,548.0767822265625,90.41178131103516,,111.89163970947266
2024-08-20,2.8380000591278076,,232.4600067138672,74.5335464477539,0.4623202681541443,475.79791259765625,547.1856079101562,91.13221740722656,,108.1628646850586
2024-08-21,2.8529999256134033,,232.14999389648438,75.15638732910156,0.4688846468925476,478.0171203613281,549.0659790039062,91.18761444091797,,107.47373962402344
2024-08-22,2.8489999771118164,,229.3699951171875,74.47691345214844,0.48295116424560547,470.438232421875,544.7566528320312,90.28248596191406,,108.3044662475586
2024-08-23,2.875,,232.02000427246094,75.17525482177734,0.48295116424560547,475.54034423828125,550.5447998046875,90.87358093261719,,109.80540466308594
2024-08-26,2.881999969482422,,232.75999450683594,76.10008239746094,0.4735735058784485,470.9236145019531,549.232421875,90.64266967773438,,112.15595245361328
2024-08-27,2.878000020980835,,233.38999938964844,75.1280746459961,0.47826236486434937,472.3304748535156,549.9866333007812,90.48564910888672,,111.08924102783203
2024-08-28,2.868000030517578,,231.75,74.9393310546875,0.48295116424560547,466.970703125,546.7938232421875,90.37483978271484,,109.99420928955078
2024-08-29,2.8550000190734863,,232.9499969482422,75.52442932128906,0.47826236486434937,466.2871398925781,546.8427124023438,90.07928466796875,,111.51403045654297
2024-08-30,2.884000062942505,,231.2899932861328,76.46949768066406,0.48764005303382874,471.8450012207031,552.0629272460938,89.11874389648438,,111.33467864990234
2024-09-02,,,,,0.48764005303382874,,,,,
2024-09-03,2.9119999408721924,,230.2899932861328,75.91860961914062,0.4970177114009857,457.5193176269531,540.7020263671875,90.57630157470703,,109.00302124023438
2024-09-04,2.8910000324249268,,230.42999267578125,77.01087951660156,0.48295116424560547,456.3304748535156,539.5952758789062,91.74382019042969,,107.6719741821289
2024-09-05,2.9049999713897705,,232.35000610351562,76.29853057861328,0.48295116424560547,456.7565002441406,538.2830200195312,92.26271057128906,,106.83183288574219
2024-09-06,2.9040000438690186,,230.6300048828125,75.96609497070312,0.48295116424560547,444.5212707519531,529.2235107421875,92.25346374511719,,106.3315200805664
2024-09-09,2.8970000743865967,,231.60000610351562,77.11537170410156,0.47826236486434937,450.23760986328125,535.1488037109375,92.65190124511719,,108.56877136230469
2024-09-10,2.9079999923706055,,232.6199951171875,78.16966247558594,0.48295116424560547,454.39862060546875,537.4799194335938,93.300537109375,,104.61344909667969
2024-09-11,2.928999900817871,,232.25,79.24295043945312,0.48295116424560547,464.26605224609375,542.9937133789062,93.22639465332031,,103.57504272460938
2024-09-12,2.9570000171661377,,236.3300018310547,79.27143859863281,0.47826236486434937,468.8233337402344,547.567626953125,92.79088592529297,,105.00048065185547
2024-09-13,2.992000102996826,,238.67999267578125,80.40171813964844,0.47826236486434937,470.9236145019531,550.4273681640625,93.04109191894531,,104.92495727539062
2024-09-16,2.996000051498413,,238.66000366210938,80.39222717285156,0.47826236486434937,468.8431091308594,551.2402954101562,93.8935775756836,,106.39759826660156
2024-09-17,3.013000011444092,,237.33999633789062,80.7056655883789,0.47826236486434937,469.0908508300781,551.465576171875,93.43952178955078,,107.7852554321289
2024-09-18,3.0160000324249268,,235.50999450683594,80.05028533935547,0.47826236486434937,467.05987548828125,549.8299560546875,92.2812728881836,,108.1628646850586
2024-09-19,3.059000015258789,,239.1699981689453,78.16016387939453,0.48764005303382874,478.8691101074219,559.2125244140625,91.9754638671875,,109.50333404541016
2024-09-20,3.062999963760376,,242.2100067138672,78.60657501220703,0.48764005303382874,477.9576721191406,558.2459106445312,91.62336730957031,,108.81421661376953
2024-09-23,3.1080000400543213,,242.67999267578125,80.56319427490234,0.48764005303382874,479.2245788574219,559.6408081054688,91.42878723144531,,110.78716278076172
2024-09-24,3.115000009536743,,246.07000732421875,80.05978393554688,0.48764005303382874,481.5361633300781,561.2421264648438,91.4102554321289,,110.49453735351562
2024-09-25,3.0989999771118164,,245.72999572753906,80.37322998046875,0.48764005303382874,481.98260498046875,560.0042724609375,90.65043640136719,,108.34220886230469
2024-09-26,3.117000102996826,,246.97999572753906,79.27143859863281,0.4923288822174072,485.60382080078125,562.2245483398438,90.86354064941406,,106.48255920410156
2024-09-27,3.125,,245.02000427246094,80.2972412109375,0.4923288822174072,482.9053039550781,561.4091186523438,91.33611297607422,,109.33341217041016
2024-09-30,3.1470000743865967,,243.05999755859375,80.28772735595703,0.4923288822174072,484.2148742675781,563.6588134765625,90.90060424804688,,110.65501403808594
2024-10-01,3.13100004196167,,245.61000061035156,80.99059295654297,0.4923288822174072,477.46856689453125,558.6093139648438,91.55689239501953,,113.2132339477539
2024-10-02,3.122999906539917,,245.66000366210938,81.142578125,0.48764005303382874,478.1431884765625,558.8450927734375,90.78536224365234,,114.71417236328125
2024-10-03,3.0999999046325684,,245.49000549316406,80.78165435791016,0.4923288822174072,477.7860412597656,557.8234252929688,89.93010711669922,,115.71481323242188
2024-10-04,3.111999988555908,,245.0,79.6418685913086,0.48295116424560547,483.47076416015625,562.892578125,88.82386016845703,,117.83880615234375
2024-10-07,3.121999979019165,,244.1699981689453,76.26053619384766,0.4923288822174072,478.2920227050781,557.8037109375,88.15455627441406,,118.34855651855469
2024-10-08,3.0880000591278076,,242.3699951171875,76.45999145507812,0.4923288822174072,485.4351501464844,563.0792236328125,88.30329895019531,,115.2050552368164
2024-10-09,3.0889999866485596,,241.0500030517578,76.53597259521484,0.4970177114009857,489.2546691894531,566.9793701171875,87.8012924194336,,115.25225830078125
2024-10-10,3.0769999027252197,,242.82000732421875,76.87791442871094,0.48295116424560547,488.69915771484375,565.987060546875,87.45735168457031,,116.24343872070312
2024-10-11,3.109999895095825,,245.47000122070312,77.7517318725586,0.4923288822174072,489.4630126953125,569.3763427734375,87.10408782958984,,116.6871337890625
2024-10-14,3.119999885559082,,245.07000732421875,78.74903869628906,0.4923288822174072,493.57037353515625,574.0328979492188,87.16917419433594,,117.13081359863281
2024-10-15,3.0980000495910645,,245.9199981689453,78.63507080078125,0.48764005303382874,486.972900390625,569.5728759765625,88.22893524169922,,113.60970306396484
2024-10-16,3.1070001125335693,,247.14999389648438,80.15477752685547,0.48764005303382874,487.03240966796875,572.0484008789062,88.60076904296875,,113.90235137939453
2024-10-17,3.118000030517578,,248.6300048828125,79.57537078857422,0.48764005303382874,487.3697509765625,572.0975952148438,87.19706726074219,,113.60970306396484
2024-10-18,3.134000062942505,,251.27000427246094,80.145263671875,0.48764005303382874,490.5643005371094,574.2981567382812,87.26213073730469,,113.28874969482422
2024-10-21,3.121000051498413,,251.22000122070312,79.81283569335938,0.4970177114009857,491.5068054199219,573.3550415039062,85.73758697509766,,113.3548355102539
2024-10-22,3.1040000915527344,,253.92999267578125,79.49939727783203,0.4970177114009857,492.04254150390625,573.0504760742188,85.82124328613281,,113.94010162353516
2024-10-23,3.1010000705718994,,250.8699951171875,80.69615936279297,0.5017066597938538,484.5025634765625,567.8143920898438,85.5888442993164,,113.53418731689453
2024-10-24,3.1110000610351562,,252.8000030517578,78.65406036376953,0.5017066597938538,488.4312744140625,569.0423583984375,86.13732147216797,,112.89226531982422
2024-10-25,3.1010000705718994,,253.32000732421875,77.34332275390625,0.4970177114009857,491.4075927734375,568.8458251953125,85.65391540527344,,112.79786682128906
2024-10-28,3.0880000591278076,,253.3300018310547,78.71105194091797,0.4923288822174072,491.4869689941406,570.6044311523438,85.42149353027344,,112.24091339111328
2024-10-29,3.078000068664551,,256.0899963378906,75.56716918945312,0.4923288822174072,496.2093505859375,571.5278930664062,85.55167388916016,,110.7116470336914
2024-10-30,3.055999994277954,,257.5,75.1207504272461,0.48764005303382874,492.459228515625,569.798828125,85.80265808105469,,110.15469360351562
2024-10-31,,,253.50999450683594,75.27273559570312,,480.0281677246094,558.6289672851562,85.94209289550781,,110.23963928222656
2024-11-01,3.0409998893737793,,252.47000122070312,73.46808624267578,0.4923288822174072,483.57989501953125,560.9866943359375,84.73046112060547,,108.51213836669922
2024-11-04,3.059999942779541,,252.8300018310547,74.4368896484375,0.4970177114009857,482.171142578125,559.7782592773438,86.04563903808594,,111.9671630859375
2024-11-05,3.0739998817443848,,253.39999389648438,74.70284271240234,0.4923288822174072,488.3221740722656,566.547119140625,86.50267028808594,,112.29755401611328
2024-11-06,3.059999942779541,,245.6999969482422,70.78011322021484,0.48295116424560547,501.5865478515625,580.6346435546875,84.13349914550781,,114.22329711914062
2024-11-07,3.125,,249.64999389648438,70.87509155273438,0.48295116424560547,509.48358154296875,585.1240844726562,85.18750762939453,,114.36490631103516
2024-11-08,3.134000062942505,,247.9600067138672,73.10714721679688,0.4923288822174072,510.0789489746094,587.6588134765625,86.26948547363281,,114.32714080810547
2024-11-11,3.171999931335449,,242.13999938964844,72.10034942626953,0.5017066597938538,509.78131103515625,588.2186279296875,85.84976196289062,,113.72299194335938
2024-11-12,3.2019999027252197,,240.0500030517578,70.53315734863281,0.511084258556366,508.858642578125,586.3914794921875,84.56256866455078,,113.60970306396484
2024-11-13,3.180999994277954,,237.6300048828125,70.51416015625,0.5251508355140686,508.2038269042969,586.6763305664062,83.76040649414062,,114.66697692871094
2024-11-14,3.1710000038146973,,237.00999450683594,71.50196075439453,0.5251508355140686,504.6719970703125,582.9039306640625,84.24543762207031,,114.74312591552734
2024-11-15,3.186000108718872,,236.58999633789062,72.51826477050781,0.5298396944999695,492.6477355957031,575.4376831054688,84.0215835571289,,113.55343627929688
2024-11-18,3.2079999446868896,,241.08999633789062,72.55625915527344,0.5204619765281677,496.0704650878906,577.7954711914062,84.17082214355469,,114.50518035888672
2024-11-19,3.2809998989105225,,243.25,73.21163940429688,0.5251508355140686,499.48333740234375,579.9075927734375,84.599853515625,,112.90624237060547
2024-11-20,3.2890000343322754,,244.6199951171875,73.02166748046875,0.5204619765281677,499.19561767578125,580.1041259765625,84.32939147949219,,114.51469421386719
2024-11-21,3.2990000247955322,,246.66000366210938,73.47757720947266,0.5251508355140686,500.9913024902344,583.21826171875,84.26408386230469,,116.04701232910156
2024-11-22,3.2720000743865967,,249.83999633789062,72.66960906982422,0.5204619765281677,501.7948913574219,585.0260009765625,84.31072998046875,,115.91378021240234
2024-11-25,3.2829999923706055,,242.47999572753906,73.28156280517578,0.5298396944999695,502.5885314941406,587.0103149414062,86.49334716796875,,114.18159484863281
2024-11-26,3.249000072479248,,242.9499969482422,74.09431457519531,0.5204619765281677,505.287109375,590.075439453125,86.1575698852539,,112.278076171875
2024-11-27,3.2790000438690186,,243.49000549316406,75.07918548583984,0.5251508355140686,501.3087158203125,588.2874755859375,86.7545166015625,,111.98303985595703
2024-11-28,,,,,0.5204619765281677,,,,,
2024-11-29,3.296999931335449,,245.58999633789062,75.22261047363281,0.5204619765281677,505.7136535644531,591.9420166015625,87.64994812011719,,112.26856231689453
2024-12-02,3.296999931335449,,243.44000244140625,73.6927261352539,0.5251508355140686,511.2197570800781,593.0029907226562,87.86054229736328,,112.16387176513672
2024-12-03,3.3369998931884766,,243.92999267578125,72.9468994140625,0.5251508355140686,512.787353515625,593.2780151367188,87.10240173339844,,111.99256134033203
2024-12-04,3.371999979019165,,244.6699981689453,72.4209976196289,0.5251508355140686,519.126953125,596.9619750976562,88.03836822509766,,108.76612854003906
2024-12-05,3.385999917984009,,242.86000061035156,72.86083984375,0.5157731175422668,517.6882934570312,595.9796142578125,88.21622467041016,,109.24199676513672
2024-12-06,3.4019999504089355,,242.9499969482422,71.94290924072266,0.511084258556366,522.3214721679688,597.109375,88.34725952148438,,108.09037780761719
2024-12-09,3.3970000743865967,,245.36000061035156,71.42657470703125,0.5204619765281677,518.2538452148438,594.034423828125,87.532958984375,,107.45271301269531
2024-12-10,3.377000093460083,,248.58999633789062,70.89111328125,0.5204619765281677,516.4878540039062,592.1875,87.1211166381836,,107.23380279541016
2024-12-11,3.38100004196167,,250.9600067138672,70.7381362915039,0.5251508355140686,525.7342529296875,596.7655639648438,86.29745483398438,,106.51998901367188
2024-12-12,3.384999990463257,,247.27999877929688,70.01143646240234,0.5157731175422668,522.3413696289062,593.690673828125,85.2491455078125,,106.4248046875
2024-12-13,3.374000072479248,,244.2899932861328,70.39391326904297,0.511084258556366,526.3394165039062,593.57275390625,84.37870025634766,,105.49209594726562
2024-12-16,3.369999885559082,,244.8800048828125,69.60028076171875,0.5157731175422668,533.9190673828125,596.1073608398438,84.63141632080078,,103.2364501953125
2024-12-17,3.3580000400543213,,243.94000244140625,69.1030502319336,0.511084258556366,531.5678100585938,593.6512451171875,84.83734893798828,,102.79863739013672
2024-12-18,3.309999942779541,,239.25999450683594,67.42974853515625,0.5063954591751099,512.3905029296875,575.9584350585938,83.77649688720703,,101.28536224365234
2024-12-19,3.2790000438690186,,239.60000610351562,66.7126235961914,0.5017066597938538,510.1086730957031,575.7815551757812,82.50801086425781,,100.41927337646484
2024-12-20,3.256999969482422,,242.10000610351562,68.52934265136719,0.5063954591751099,514.5631713867188,582.6973266601562,82.97782897949219,,100.76189422607422
2024-12-23,3.253000020980835,,240.9600067138672,69.31342315673828,0.5063954591751099,519.576416015625,586.1866455078125,82.21673583984375,,101.171142578125
2024-12-24,3.2769999504089355,,241.44000244140625,69.71501922607422,0.5063954591751099,526.6217651367188,592.7020263671875,82.56437683105469,,101.26631164550781
2024-12-26,3.2690000534057617,,243.07000732421875,69.19868469238281,0.5063954591751099,526.2640380859375,592.7415771484375,82.51741027832031,,101.35198211669922
2024-12-27,3.265000104904175,,241.39999389648438,68.95008087158203,0.511084258556366,519.2684326171875,586.5020751953125,81.84087371826172,,101.34246063232422
2024-12-30,3.2679998874664307,,240.6300048828125,68.61540222167969,0.5157731175422668,512.3621826171875,579.80908203125,82.49860382080078,,100.6572036743164
2024-12-31,3.250999927520752,,242.1300048828125,68.54847717285156,0.5204619765281677,508.0097961425781,577.69970703125,82.05699157714844,,102.37987518310547
2025-01-02,3.246999979019165,,245.4199981689453,68.47197723388672,0.5251508355140686,507.0160827636719,576.2802734375,82.28248596191406,,102.13241577148438
2025-01-03,3.265000104904175,,243.49000549316406,68.8353271484375,0.5251508355140686,515.3135375976562,583.48583984375,82.01939392089844,,102.65587615966797
2025-01-06,3.2990000247955322,,243.19000244140625,68.1181869506836,0.5251508355140686,521.2359008789062,586.8470458984375,81.6529541015625,,102.54167175292969
2025-01-07,3.2899999618530273,,244.55999755859375,67.34368896484375,0.5251508355140686,511.9349060058594,580.2132568359375,80.73210906982422,,103.50293731689453
2025-01-08,3.319000005722046,,245.86000061035156,67.56361389160156,0.5251508355140686,512.0243530273438,581.0609741210938,80.83548736572266,,101.770751953125
2025-01-09,,,,,0.5298396944999695,,,,,
2025-01-10,3.247999906539917,,248.2100067138672,64.4273452758789,0.5251508355140686,503.9952087402344,572.1896362304688,80.29989624023438,,101.39957427978516
2025-01-13,3.2269999980926514,,245.74000549316406,64.02574157714844,0.5251508355140686,502.37548828125,573.0768432617188,80.2717056274414,,104.01688385009766
2025-01-14,3.255000114440918,,247.02999877929688,65.00106048583984,0.5251508355140686,501.89849853515625,573.8652954101562,80.1401596069336,,104.42613220214844
2025-01-15,3.25,,248.8800048828125,66.25365447998047,0.5298396944999695,513.4453125,584.303955078125,81.52140808105469,,106.12976837158203
2025-01-16,3.2769999504089355,,250.60000610351562,68.24250030517578,0.5345285534858704,509.84814453125,583.1802368164062,81.78450775146484,,105.94894409179688
2025-01-17,3.2950000762939453,,249.27000427246094,67.65923309326172,0.5251508355140686,518.45361328125,589.0353393554688,81.92545318603516,,106.90068817138672
2025-01-20,,,,,0.5814170241355896,,,,,
2025-01-21,3.3320000171661377,,253.1300048828125,67.74528503417969,0.576728105545044,521.4943237304688,594.4270629882812,82.65834045410156,,106.09170532226562
2025-01-22,3.3269999027252197,,254.42999267578125,65.48870086669922,0.5626616477966309,528.162109375,597.7686157226562,82.22611999511719,,104.24530029296875
2025-01-23,3.322000026702881,,254.07000732421875,66.19628143310547,0.576728105545044,529.284912109375,601.0311889648438,81.58717346191406,,104.83538818359375
2025-01-24,3.3529999256134033,,255.64999389648438,69.63851928710938,0.5861058235168457,526.2937622070312,599.276611328125,81.9536361694336,,103.41728210449219
2025-01-27,3.322999954223633,,252.99000549316406,70.59469604492188,0.5861058235168457,510.9710388183594,590.7998046875,82.92144012451172,,104.85443115234375
2025-01-28,3.3399999141693115,,255.17999267578125,67.44886779785156,0.5907947421073914,518.5230712890625,595.8760986328125,82.86508178710938,,102.82718658447266
2025-01-29,,,254.1999969482422,67.78353118896484,,517.54931640625,593.204833984375,82.6959457397461,,103.42678833007812
2025-01-30,,,258.04998779296875,68.17556762695312,,519.7553100585938,596.388671875,83.00599670410156,,104.28337097167969
2025-01-31,3.381999969482422,,258.55999755859375,68.4241714477539,0.5907947421073914,519.0,593.2147216796875,82.46101379394531,,101.67557525634766
2025-02-03,3.3450000286102295,,259.94000244140625,67.9365234375,0.5861058235168457,514.8463745117188,589.2225952148438,83.13243103027344,,101.92302703857422
2025-02-04,3.38700008392334,,262.5,66.83692169189453,0.6048611998558044,521.1663208007812,593.17529296875,83.38702392578125,,104.65455627441406
2025-02-05,3.374000072479248,,264.1300048828125,66.16758728027344,0.6001723408699036,523.5314331054688,595.580322265625,84.7637710571289,,104.57840728759766
2025-02-06,3.375,,263.42999267578125,66.23451232910156,0.6048611998558044,526.2640380859375,597.6503295898438,84.72604370117188,,103.19837951660156
2025-02-07,3.3919999599456787,,263.8999938964844,65.27833557128906,0.5954835414886475,519.6260986328125,592.1797485351562,84.17911529541016,,103.63617706298828
2025-02-10,3.4110000133514404,,268.3699951171875,66.64568328857422,0.5954835414886475,525.9161987304688,596.2012939453125,83.92452239990234,,105.61582946777344
2025-02-11,3.421999931335449,,267.3900146484375,67.24807739257812,0.5907947421073914,524.6641845703125,596.65478515625,83.38702392578125,,106.28204345703125
2025-02-12,3.444000005722046,,267.6700134277344,66.24409484863281,0.5861058235168457,524.9722290039062,594.732666015625,82.25545501708984,,103.0843734741211
2025-02-13,3.4809999465942383,,270.30999755859375,65.59387969970703,0.5814170241355896,532.5244140625,601.011474609375,83.62277221679688,,103.8333740234375
2025-02-14,3.50600004196167,,266.2900085449219,65.07755279541016,0.5814170241355896,534.76025390625,600.9821166992188,84.06595611572266,,103.93900299072266
2025-02-17,,,,,0.5814170241355896,,,,,
2025-02-18,3.558000087738037,,270.70001220703125,65.4982681274414,0.5907947421073914,535.9724731445312,602.746337890625,83.07584381103516,,105.76351165771484
2025-02-19,3.559999942779541,,270.8500061035156,66.03372955322266,0.5907947421073914,536.12158203125,604.1658325195312,83.17957305908203,,105.91715240478516
2025-02-20,3.5280001163482666,,270.989990234375,67.06639099121094,0.5861058235168457,533.845947265625,601.6522827148438,83.49076080322266,,107.54960632324219
2025-02-21,3.506999969482422,,270.739990234375,68.44329071044922,0.5814170241355896,522.7662353515625,591.361572265625,84.4997329711914,,106.29166412353516
2025-02-24,3.490999937057495,,272.2099914550781,67.69747924804688,0.5814170241355896,516.5953369140625,588.670654296875,84.74490356445312,,106.8486099243164
2025-02-25,3.4570000171661377,,268.6199951171875,68.15644073486328,0.5814170241355896,510.08660888671875,585.7429809570312,86.20651245117188,,105.36981201171875
2025-02-26,3.484999895095825,,269.0299987792969,67.89827728271484,0.5720393061637878,511.3187561035156,586.0387573242188,86.7156982421875,,105.11053466796875
2025-02-27,3.453000068664551,,264.92999267578125,66.3396987915039,0.576728105545044,497.1188049316406,576.6844482421875,86.102783203125,,105.77310943603516
2025-02-28,3.434999942779541,,263.2699890136719,67.64793395996094,0.5861058235168457,504.9690856933594,585.6838989257812,87.15892028808594,,106.90621948242188
2025-03-03,3.4240000247955322,,266.739990234375,69.04582214355469,0.5861058235168457,493.9190979003906,575.4227905273438,87.56566619873047,,103.47807312011719
2025-03-04,3.444000005722046,,269.05999755859375,68.3034896850586,0.5814170241355896,492.42852783203125,568.611572265625,86.48731231689453,,103.26683044433594
2025-03-05,3.5490000247955322,,269.6199951171875,67.94678497314453,0.5861058235168457,498.84783935546875,574.722900390625,85.79676818847656,,101.2502670288086
2025-03-06,3.5239999294281006,,268.25,67.49368286132812,0.5861058235168457,485.1248474121094,564.5209350585938,85.51297760009766,,103.34364318847656
2025-03-07,3.506999969482422,,268.3900146484375,70.21231842041016,0.576728105545044,488.6922302246094,567.6849975585938,85.2386703491211,,104.6880111694336
2025-03-10,3.444000005722046,,266.0400085449219,73.42263793945312,0.5861058235168457,469.7523193359375,552.5643920898438,86.12785339355469,,107.35755157470703
2025-03-11,3.4000000953674316,,269.1600036621094,71.36919403076172,0.5720393061637878,468.62939453125,547.9710083007812,85.51297760009766,,104.82245635986328
2025-03-12,3.4000000953674316,,270.3299865722656,70.29908752441406,0.5814170241355896,473.9159240722656,550.8787841796875,85.00216674804688,,104.79364776611328
2025-03-13,3.374000072479248,,275.1300048828125,70.11592102050781,0.5814170241355896,465.3899230957031,543.5352783203125,85.74945831298828,,104.35191345214844
2025-03-14,3.388000011444092,,275.239990234375,70.90644836425781,0.5861058235168457,476.6386413574219,554.762451171875,85.29541778564453,,107.4535903930664
2025-03-17,3.443000078201294,,276.7300109863281,69.5182113647461,0.5907947421073914,479.7290344238281,559.0404663085938,85.7210922241211,,109.23966979980469
2025-03-18,3.440999984741211,,279.9599914550781,68.15888214111328,0.5954835414886475,471.5509033203125,552.9981079101562,85.80621337890625,,109.12443542480469
2025-03-19,3.453000068664551,,281.1099853515625,67.966064453125,0.5907947421073914,477.8608703613281,559.020751953125,86.25080108642578,,110.82410430908203
2025-03-20,3.4730000495910645,,280.75,68.59271240234375,0.5861058235168457,476.2411804199219,557.4041137695312,86.30757141113281,,111.29463958740234
2025-03-21,3.4670000076293945,,278.489990234375,68.33241271972656,0.5907947421073914,477.81121826171875,557.5880737304688,85.79676818847656,,110.9105224609375
2025-03-24,3.4709999561309814,,277.25,67.551513671875,0.5814170241355896,488.29644775390625,567.5736083984375,84.91703033447266,,111.1986083984375
2025-03-25,3.49399995803833,,278.4700012207031,66.12471771240234,0.5814170241355896,491.0829162597656,568.93798828125,84.90757751464844,,111.95721435546875
2025-03-26,3.497999906539917,,278.239990234375,67.22374725341797,0.5907947421073914,482.04669189453125,562.1458740234375,84.3494644165039,,113.57044982910156
2025-03-27,3.5269999504089355,,281.9700012207031,67.5129623413086,0.6095500588417053,479.29998779296875,560.6529541015625,84.10352325439453,,113.20555877685547
2025-03-28,3.509999990463257,,284.05999755859375,67.91786193847656,0.6048611998558044,466.6810607910156,549.3623657226562,85.26704406738281,,113.05191802978516
2025-03-31,,,288.1400146484375,68.34204864501953,,466.66119384765625,553.050048828125,86.1089096069336,,114.20423126220703
2025-04-01,3.502000093460083,,287.57000732421875,68.3709716796875,0.6048611998558044,470.4229736328125,554.6121215820312,86.8551025390625,,114.30986022949219
2025-04-02,3.500999927520752,,288.1600036621094,67.94678497314453,0.5954835414886475,473.8563537597656,558.1220092773438,86.79814910888672,,113.95455932617188
2025-04-03,3.444999933242798,,286.4200134277344,69.547119140625,0.5954835414886475,448.4891662597656,530.6171875,87.19688415527344,,107.96251678466797
2025-04-04,3.2639999389648438,,279.7200012207031,64.50509643554688,0.5861058235168457,420.63397216796875,499.5533447265625,88.14620208740234,,100.1939697265625
2025-04-07,3.0460000038146973,,273.7099914550781,62.72159194946289,0.5392173528671265,421.6490478515625,498.6635437011719,85.48806762695312,,98.849609375
2025-04-08,3.000999927520752,,275.20001220703125,61.80574035644531,0.5626616477966309,414.0557861328125,490.8531188964844,83.87418365478516,,96.76583099365234
2025-04-09,3.0260000228881836,,285.3800048828125,65.1510238647461,0.5626616477966309,463.7552185058594,542.4021606445312,84.36784362792969,,101.59596252441406
2025-04-10,3.1659998893737793,,292.3500061035156,64.32193756103516,0.576728105545044,444.03070068359375,518.6345825195312,82.04196166992188,,95.95921325683594
2025-04-11,3.1619999408721924,,297.92999267578125,63.444637298583984,0.5861058235168457,452.2110900878906,527.8884887695312,82.48815155029297,,99.04165649414062
2025-04-14,3.193000078201294,,296.2300109863281,65.25707244873047,0.5814170241355896,455.2762756347656,533.009765625,83.07674407958984,,99.28172302246094
2025-04-15,3.26200008392334,,297.7799987792969,65.2281494140625,0.5907947421073914,455.7838134765625,531.5169067382812,83.37101745605469,,99.00325775146484
2025-04-16,3.2939999103546143,,307.4700012207031,63.2807502746582,0.5861058235168457,442.0403137207031,519.702392578125,83.83619689941406,,100.0499496459961
2025-04-17,3.3450000286102295,,306.1199951171875,63.92666244506836,0.5907947421073914,441.9607238769531,520.44384765625,83.0957260131836,,102.67145538330078
2025-04-21,3.367000102996826,,315.5899963378906,62.355255126953125,0.5861058235168457,431.0236511230469,508.05584716796875,81.64321899414062,,101.1638412475586
2025-04-22,3.3910000324249268,,311.1099853515625,64.24480438232422,0.5907947421073914,442.3388977050781,521.2743530273438,82.09890747070312,,103.99662780761719
2025-04-23,3.4230000972747803,,303.6499938964844,64.85215759277344,0.6001723408699036,452.3703308105469,529.3516845703125,82.8963394165039,,103.10358428955078
2025-04-24,3.4560000896453857,,308.07000732421875,63.9652214050293,0.5954835414886475,465.09869384765625,540.4940185546875,83.76974487304688,,104.31350708007812
2025-04-25,3.4660000801086426,,304.7300109863281,63.714569091796875,0.5954835414886475,470.28363037109375,544.3992309570312,84.38682556152344,,104.25588989257812
2025-04-28,3.4790000915527344,,309.07000732421875,63.81097412109375,0.6095500588417053,470.13433837890625,544.6068725585938,84.91845703125,,104.31350708007812
2025-04-29,3.494999885559082,,306.05999755859375,64.8328857421875,0.6376831531524658,473.2393493652344,548.0375366210938,85.63044738769531,,104.05424499511719
2025-04-30,3.5280001163482666,,303.7699890136719,64.47618865966797,0.6329942941665649,473.1795959472656,548.2550659179688,84.93743896484375,,101.43270874023438
2025-05-01,,,297.4599914550781,63.67601776123047,,479.35968017578125,552.1405029296875,84.50676727294922,,101.5767593383789
2025-05-02,3.609999895095825,,297.9800109863281,64.67862701416016,0.6423720121383667,486.4752502441406,560.3364868164062,83.592041015625,,101.98966979980469
2025-05-05,3.624000072479248,,306.8800048828125,63.724212646484375,0.6564385294914246,483.5892028808594,557.1234130859375,83.12515258789062,,99.1664810180664
2025-05-06,3.619999885559082,,315.4800109863281,64.14840698242188,0.6738918423652649,479.09100341796875,552.4667358398438,83.40148162841797,,100.54927062988281
2025-05-07,3.625,,310.75,64.93892669677734,0.6932843327522278,480.9718933105469,554.7901611328125,83.75402069091797,,100.45325469970703
2025-05-08,3.624000072479248,,304.6300048828125,65.86442565917969,0.6884362697601318,485.9378356933594,558.6558837890625,82.82022857666016,,101.85523223876953
2025-05-09,3.617000102996826,,306.8399963378906,67.78289031982422,0.6787399649620056,485.619384765625,557.9439697265625,82.94410705566406,,103.04595184326172
2025-05-12,,,298.19000244140625,67.1851806640625,,505.4036560058594,576.3826293945312,82.17230987548828,,104.82245635986328
2025-05-13,3.684000015258789,,299.4599914550781,69.5182113647461,0.6981325745582581,513.1063842773438,580.1890258789062,81.83883666992188,,105.11053466796875
2025-05-14,3.73799991607666,,293.1600036621094,69.59532165527344,0.6981325745582581,516.1815185546875,580.9304809570312,81.29571533203125,,104.16947174072266
2025-05-15,3.7309999465942383,,297.8399963378906,71.87049865722656,0.7175251841545105,516.7487182617188,583.7680053710938,82.01033020019531,,105.2258071899414
2025-05-16,3.7309999465942383,,294.239990234375,72.30432891845703,0.7078288793563843,518.997802734375,587.4655151367188,82.22948455810547,,104.84785461425781
2025-05-19,3.7339999675750732,,298.0299987792969,71.2052993774414,0.712677001953125,519.4954833984375,588.108154296875,81.99128723144531,,103.18098449707031
2025-05-20,3.7269999980926514,,303.5799865722656,71.73554229736328,0.6835880875587463,517.7637939453125,586.130859375,81.40052795410156,,101.70793151855469
2025-05-21,3.740000009536743,,305.82000732421875,68.96868133544922,0.6981325745582581,510.5685729980469,576.2540893554688,80.00938415527344,,100.4577865600586
2025-05-22,3.7249999046325684,,303.1099853515625,64.53402709960938,0.6738918423652649,511.52398681640625,576.4815063476562,80.42863464355469,,99.78910064697266
2025-05-23,3.750999927520752,,309.75,65.32455444335938,0.7029806971549988,506.7868957519531,572.5465698242188,80.56202697753906,,99.84725189208984
2025-05-26,,,,,0.6835880875587463,,,,,
2025-05-27,3.75600004196167,,304.5,65.59447479248047,0.7078288793563843,518.7091674804688,584.4501953125,81.6863784790039,,100.32210540771484
2025-05-28,3.760999917984009,,303.80999755859375,64.79431915283203,0.712677001953125,516.4102783203125,581.0689086914062,81.33383178710938,,98.9556655883789
2025-05-29,3.75600004196167,,305.6099853515625,66.51033782958984,0.712677001953125,517.4254760742188,583.3626098632812,82.08655548095703,,99.51776123046875
2025-05-30,3.7320001125335693,,303.6000061035156,68.10104370117188,0.7223732471466064,516.6094360351562,582.7100830078125,82.2104263305664,,99.13980865478516
2025-06-02,3.75600004196167,,311.6700134277344,68.17586517333984,0.7272214293479919,520.6896362304688,585.992431640625,81.44532775878906,,99.86663055419922
2025-06-03,3.756999969482422,,308.9100036621094,68.95335388183594,0.7417658567428589,524.7598876953125,589.3341064453125,81.30187225341797,,100.59346771240234
2025-06-04,3.7799999713897705,,310.8999938964844,67.91346740722656,0.7369176745414734,526.222900390625,589.1759643554688,82.62167358398438,,99.13980865478516
2025-06-05,3.811000108718872,,309.3299865722656,69.48787689208984,0.7320695519447327,522.261962890625,586.3285522460938,82.67906951904297,,98.68431854248047
2025-06-06,3.796999931335449,,305.17999267578125,70.12930297851562,0.7417658567428589,527.3673095703125,592.3495483398438,81.62704467773438,,101.04894256591797
2025-06-09,3.7980000972747803,,306.6199951171875,69.87662506103516,0.756310224533081,528.1435546875,592.8834838867188,81.7131118774414,,101.72732543945312
2025-06-10,3.75600004196167,,306.7099914550781,70.7610092163086,0.756310224533081,531.63671875,596.244873046875,82.1339111328125,,103.9078140258789
2025-06-11,3.744999885559082,,308.3699951171875,70.94566345214844,0.7514621019363403,529.8452758789062,594.54443359375,82.38258361816406,,105.9332504272461
2025-06-12,3.753999948501587,,312.20001220703125,71.76202392578125,0.756310224533081,531.0892333984375,596.9072875976562,83.36766052246094,,106.34027862548828
2025-06-13,3.734999895095825,,316.2900085449219,72.67556762695312,0.7466139197349548,524.421630859375,590.2338256835938,82.56430053710938,,108.65644073486328
2025-06-16,3.7639999389648438,,311.7799987792969,71.7037124633789,0.7417658567428589,531.7162475585938,595.8494262695312,81.73223876953125,,109.00532531738281
2025-06-17,3.7699999809265137,,311.94000244140625,69.83773803710938,0.756310224533081,526.5313720703125,590.7578735351562,82.72686767578125,,110.4783706665039
2025-06-18,3.757999897003174,,310.260009765625,69.555908203125,0.766006588935852,526.4417114257812,590.6688842773438,82.87033081054688,,109.69339752197266
2025-06-19,,,,,0.7611584663391113,,,,,
2025-06-20,3.7170000076293945,,310.1300048828125,69.51703643798828,0.7757028341293335,524.292236328125,589.2816162109375,82.71731567382812,,111.15674591064453
2025-06-23,3.7079999446868896,,311.0799865722656,68.73954772949219,0.7514621019363403,529.6832275390625,595.1022338867188,82.98509979248047,,108.28817749023438
2025-06-24,3.7809998989105225,,306.19000244140625,69.39070129394531,0.7757028341293335,537.7831420898438,601.676513671875,83.5876235961914,,104.99320220947266
2025-06-25,3.7829999923706055,,307.1199951171875,68.36051940917969,0.766006588935852,539.157958984375,602.0136108398438,83.69282531738281,,105.02229309082031
2025-06-26,3.825000047683716,,306.7799987792969,68.99223327636719,0.7757028341293335,544.19921875,606.7236328125,84.1136245727539,,106.59223937988281
2025-06-27,3.8450000286102295,,301.2200012207031,68.8950424194336,0.7805509567260742,546.0623779296875,609.7380981445312,83.57804870605469,,106.00108337402344
2025-06-30,3.8519999980926514,,304.8299865722656,67.4664077758789,0.8290324211120605,549.5991821289062,612.6533813476562,84.40054321289062,,104.46990203857422
2025-07-01,3.8350000381469727,,307.54998779296875,71.00396728515625,0.8726656436920166,544.9664306640625,612.455078125,84.60980987548828,,105.86541748046875
2025-07-02,3.8499999046325684,,309.25,70.96510314941406,0.8532730937004089,548.7623291015625,615.2315063476562,84.0722427368164,,107.6195068359375
2025-07-03,3.8570001125335693,,307.1400146484375,71.80089569091797,0.8484249711036682,554.1622924804688,620.0803833007812,83.48665618896484,,108.73397064208984
2025-07-04,,,,,0.8435768485069275,,,,,
2025-07-07,3.868000030517578,,307.3699951171875,72.64641571044922,0.8435768485069275,549.98779296875,615.4595336914062,82.68991088867188,,107.67764282226562
2025-07-08,3.871000051498413,,304.1600036621094,70.42086029052734,0.8581212759017944,550.2966918945312,615.1224365234375,82.58431243896484,,110.6624984741211
2025-07-09,3.9070000648498535,,305.5199890136719,71.5773696899414,0.8678175806999207,554.192138671875,618.8110961914062,83.44827270507812,,110.28455352783203
2025-07-10,3.921999931335449,,306.20001220703125,72.53951263427734,0.9211471080780029,553.3951416015625,620.5563354492188,83.505859375,,111.379638671875
2025-07-11,3.927000045776367,,309.1400146484375,72.3062744140625,0.9405397176742554,552.1498413085938,618.3748168945312,82.35393524169922,,111.86419677734375
2025-07-14,3.9670000076293945,,308.010009765625,72.92826080322266,0.959932267665863,554.15234375,619.5548095703125,82.18114471435547,,110.40084075927734
2025-07-15,3.996000051498413,,306.7300109863281,72.59781646728516,0.9453878402709961,554.6604614257812,616.9072875976562,81.60517120361328,,109.42205047607422
2025-07-16,4.0269999504089355,,308.260009765625,72.66585540771484,0.9647804498672485,555.2283325195312,618.9697265625,81.72037506103516,,108.76304626464844
2025-07-17,4.076000213623047,,307.5899963378906,73.06431579589844,0.9696285128593445,559.7216796875,622.7576293945312,81.701171875,,108.21065521240234
2025-07-18,4.114999771118164,,308.3900146484375,73.8126449584961,1.0084136724472046,559.1836547851562,622.3014526367188,81.82596588134766,,104.4408187866211
2025-07-21,4.081999778747559,,313.1300048828125,74.02644348144531,0.9793248176574707,562.0828857421875,623.4815063476562,82.55552673339844,,104.71217346191406
2025-07-22,4.10699987411499,,316.1000061035156,75.35791015625,0.9987173080444336,559.1736450195312,623.5707397460938,83.05467224121094,,105.1870346069336
2025-07-23,4.165999889373779,,312.17999267578125,70.7707290649414,0.9987173080444336,561.7241821289062,628.8757934570312,82.59390258789062,,106.53408813476562
2025-07-24,4.178999900817871,,310.2699890136719,69.94464874267578,0.9987173080444336,562.9197998046875,629.0839233398438,82.44992065429688,,107.36753845214844
2025-07-25,4.191999912261963,,307.3999938964844,69.8280258178711,1.0375025272369385,564.2747802734375,631.7413940429688,82.96830749511719,,106.98957824707031
2025-07-28,4.165999889373779,,305.4100036621094,69.33238220214844,1.027806282043457,566.0381469726562,631.5828247070312,82.43072509765625,,107.99744415283203
2025-07-29,4.125999927520752,,306.25,69.92520141601562,0.9987173080444336,565.1614379882812,629.9169311523438,83.82264709472656,,109.39295959472656
2025-07-30,4.089000225067139,,300.9599914550781,68.99223327636719,0.9793248176574707,565.918701171875,629.1236572265625,83.39067077636719,,108.44325256347656
2025-07-31,4.041999816894531,,302.9599914550781,69.06025695800781,0.959932267665863,562.9197998046875,626.763671875,83.43865966796875,,108.19126892089844
2025-08-01,4.0370001792907715,,309.1099853515625,68.4188232421875,1.0084136724472046,551.8309326171875,616.4907836914062,84.6248779296875,,106.25305938720703
2025-08-04,4.105999946594238,,310.9100036621094,68.545166015625,1.027806282043457,562.0131225585938,625.8612670898438,84.85614776611328,,104.05318450927734
2025-08-05,4.098999977111816,,311.1600036621094,69.17688751220703,1.0375025272369385,558.1973266601562,622.688232421875,85.11632537841797,,103.92720031738281
2025-08-06,4.11899995803833,,310.5,68.55490112304688,1.0665913820266724,565.2212524414062,627.457763671875,84.6248779296875,,103.21974182128906
2025-08-07,4.1479997634887695,,313.1199951171875,70.53748321533203,1.0665913820266724,567.1341552734375,626.9321899414062,84.4803466796875,,102.67704772949219
2025-08-08,4.138000011444092,,313.04998779296875,70.37227630615234,1.0375025272369385,572.4244995117188,631.82080078125,84.11416625976562,,103.50079345703125
2025-08-11,4.122000217437744,,308.54998779296875,70.41114044189453,1.0471988916397095,570.730712890625,630.5713500976562,84.21052551269531,,102.56075286865234
2025-08-12,4.252999782562256,,308.2699890136719,69.83773803710938,1.0665913820266724,577.9041137695312,637.284423828125,83.78652954101562,,102.85148620605469
2025-08-13,4.310999870300293,,309.2099914550781,70.26537322998047,1.1053764820098877,578.193115234375,639.4658813476562,84.4803466796875,,104.27606964111328
2025-08-14,4.26800012588501,,307.25,70.2070541381836,1.0375025272369385,577.7447509765625,639.5254516601562,83.85399627685547,,104.06285858154297
2025-08-15,4.298999786376953,,307.42999267578125,73.28784942626953,1.0956802368164062,575.2042236328125,638.0281372070312,83.25655364990234,,104.16068267822266
2025-08-18,4.28000020980835,,306.95001220703125,73.58911895751953,1.0665913820266724,574.9749755859375,637.8892822265625,83.01564025878906,,104.38565826416016
2025-08-19,4.316999912261963,,305.2699890136719,74.35689544677734,1.056895136833191,567.1740112304688,634.4286499023438,83.49744415283203,,105.07034301757812
2025-08-20,4.330999851226807,,308.3599853515625,74.03617858886719,1.1247690916061401,563.8064575195312,632.7429809570312,83.6805419921875,,106.15606689453125
2025-08-21,4.36299991607666,,307.2900085449219,73.9389877319336,1.1829469203948975,561.1962280273438,630.2044677734375,83.26618957519531,,106.84075927734375
2025-08-22,4.422999858856201,,310.5799865722656,74.17222595214844,1.163554310798645,569.85400390625,639.88232421875,83.88289642333984,,108.84590911865234
2025-08-25,4.440999984741211,,309.8299865722656,73.20037841796875,1.1732505559921265,568.2101440429688,637.0662841796875,83.64199829101562,,109.29583740234375
2025-08-26,4.442999839782715,,312.0799865722656,72.73387908935547,1.1344653367996216,570.4916381835938,639.7335815429688,83.59382629394531,,109.05130767822266
2025-08-27,4.406000137329102,,312.7099914550781,71.81061553955078,1.1638051271438599,571.368408203125,641.1912841796875,83.49744415283203,,110.28375244140625
2025-08-28,4.445000171661377,,315.0299987792969,70.6030502319336,1.1735849380493164,574.9451293945312,643.4619750976562,84.04670715332031,,110.8706283569336
2025-08-29,4.4720001220703125,,318.07000732421875,70.56388092041016,1.1735849380493164,568.2899169921875,639.6245727539062,83.44926452636719,,111.7900619506836
2025-09-01,,,,,1.1442452669143677,,,,,
2025-09-02,4.447999954223633,,325.5899963378906,71.15149688720703,1.1540250778198242,563.5274658203125,634.884765625,82.8282699584961,,112.18132019042969
2025-09-03,4.4670000076293945,,328.1400146484375,70.15254211425781,1.1540250778198242,567.9610595703125,638.3255615234375,83.73751068115234,,109.46212768554688
2025-09-04,4.486999988555908,,326.69000244140625,69.40821075439453,1.183364748954773,573.1019287109375,643.6602783203125,84.37592315673828,,109.94140625
2025-09-05,4.541999816894531,,331.04998779296875,69.4375991821289,1.1540250778198242,573.9288940429688,641.796142578125,85.66239929199219,,106.84075927734375
2025-09-08,4.573999881744385,,334.82000732421875,68.3309097290039,1.1638051271438599,576.728515625,643.3727416992188,86.80379486083984,,107.44718170166016
2025-09-09,4.573999881744385,,334.05999755859375,68.62471771240234,1.1540250778198242,578.3624267578125,644.8601684570312,86.31049346923828,,108.22969055175781
2025-09-10,4.603000164031982,,335.260009765625,69.57471466064453,1.1540250778198242,578.5516967773438,646.724365234375,86.80379486083984,,110.03922271728516
2025-09-11,4.632999897003174,,334.760009765625,69.84893035888672,1.2224842309951782,581.9192504882812,652.0988159179688,87.3841552734375,,109.68709564208984
2025-09-12,4.656000137329102,,335.4200134277344,70.16233825683594,1.2127044200897217,584.4896850585938,651.8805541992188,87.00691986083984,,109.7066650390625
2025-09-15,4.6570000648498535,,338.9100036621094,70.02522277832031,1.2322641611099243,589.4910888671875,655.3511352539062,87.2100601196289,,109.89250183105469
2025-09-16,4.665999889373779,,339.5899963378906,68.38966369628906,1.2029244899749756,588.992919921875,654.4488525390625,87.39383697509766,,112.17153930664062
2025-09-17,4.625,,336.9700012207031,68.8597640991211,1.193144679069519,587.8173828125,653.6356811523438,87.1713638305664,,112.76819610595703
2025-09-18,4.609000205993652,,335.6199951171875,69.32986450195312,1.183364748954773,593.11767578125,656.6898803710938,86.27179718017578,,111.43794250488281
2025-09-19,4.599999904632568,,339.17999267578125,69.6138916015625,1.2029244899749756,597.1326904296875,659.9423217773438,86.10736083984375,,110.35222625732422
2025-09-22,4.605999946594238,,345.04998779296875,70.85768127441406,1.193144679069519,600.667724609375,663.0645751953125,85.79782104492188,,109.56971740722656
2025-09-23,4.566999912261963,,346.4599914550781,70.82830810546875,1.1638051271438599,596.6779174804688,659.4551391601562,86.39753723144531,,111.45750427246094
2025-09-24,4.551000118255615,,343.32000732421875,72.30716705322266,1.1638051271438599,594.583251953125,657.3569946289062,86.06867218017578,,112.05415344238281
2025-09-25,4.5269999504089355,,344.75,73.1102523803711,1.1540250778198242,592.0198364257812,654.3242797851562,86.06867218017578,,113.06163024902344
2025-09-26,4.480000019073486,,346.739990234375,74.28548431396484,1.114905595779419,594.4535522460938,658.072998046875,85.99127960205078,,114.6559829711914
2025-09-29,4.502999782562256,,352.4599914550781,74.63807678222656,1.114905595779419,597.20654296875,659.9224243164062,86.69739532470703,,111.72160339355469
2025-09-30,4.513999938964844,,355.4700012207031,73.93291473388672,1.1051257848739624,598.8424072265625,662.4082641601562,86.44590759277344,,110.28375244140625
2025-10-01,4.556000232696533,,356.0299987792969,77.04732513427734,1.1442452669143677,601.7150268554688,664.6654052734375,86.66915893554688,,109.54037475585938
2025-10-02,4.611999988555908,,354.7900085449219,76.56743621826172,1.1344653367996216,604.188720703125,665.4309692382812,86.92152404785156,,108.8556900024414
2025-10-03,4.627999782562256,,357.6400146484375,78.40865325927734,1.1540250778198242,601.645263671875,665.421142578125,86.75652313232422,,110.78260803222656
2025-10-06,4.64300012588501,,364.3800048828125,80.4163818359375,1.1344653367996216,606.1636962890625,667.8074951171875,86.06734466552734,,111.70204162597656
2025-10-07,4.693999767303467,,366.260009765625,81.49368286132812,1.1540250778198242,602.9718627929688,665.3316040039062,86.56237030029297,,111.76072692871094
2025-10-08,4.714000225067139,,372.29998779296875,82.30656433105469,1.1735849380493164,609.8842163085938,669.2990112304688,86.63032531738281,,111.52597045898438
2025-10-09,4.683000087738037,,365.42999267578125,81.98336791992188,1.1540250778198242,609.1461181640625,667.3600463867188,86.56237030029297,,110.44026184082031
2025-10-10,4.623000144958496,,369.1199951171875,81.63079833984375,1.1442452669143677,588.0000610351562,649.32275390625,87.96011352539062,,108.30793762207031
2025-10-13,4.609000205993652,,378.0899963378906,82.56121063232422,1.1442452669143677,600.4782104492188,659.2860107421875,87.91159057617188,,109.78490447998047
2025-10-14,4.558000087738037,,380.7900085449219,82.89419555664062,1.1442452669143677,596.4784545898438,658.4805908203125,88.19307708740234,,109.83381652832031
2025-10-15,4.557000160217285,,387.3900146484375,84.02046966552734,1.1638051271438599,600.6876831054688,661.4039306640625,87.99894714355469,,109.16868591308594
2025-10-16,4.534999847412109,,396.45001220703125,83.29573822021484,1.1442452669143677,598.46337890625,656.8995971679688,88.65898895263672,,108.21991729736328
2025-10-17,4.438000202178955,,388.989990234375,82.78645324707031,1.0953458547592163,602.393310546875,660.62841796875,88.5230941772461,,109.78490447998047
2025-10-20,,,403.1499938964844,83.0215072631836,,609.9839477539062,667.499267578125,88.86282348632812,,110.2348403930664
2025-10-21,4.5289998054504395,,377.239990234375,82.25759887695312,1.124685525894165,609.8244018554688,667.4893188476562,89.29960632324219,,110.24462890625
2025-10-22,4.5289998054504395,,377.2799987792969,81.13131713867188,1.1540250778198242,603.9493408203125,664.0191040039062,89.35784149169922,,112.20088195800781
2025-10-23,,,378.7900085449219,81.53286743164062,1.1344653367996216,609.0264282226562,667.9566650390625,88.746337890625,,113.44310760498047
2025-10-24,4.605999946594238,,377.5199890136719,82.66893768310547,1.124685525894165,615.52978515625,673.4155883789062,88.7851791381836,,112.86600494384766
2025-10-27,4.686999797821045,,367.010009765625,84.25552368164062,1.1540250778198242,626.4918823242188,681.3603515625,89.0860595703125,,113.40398406982422
2025-10-28,4.663000106811523,,364.3800048828125,81.84626770019531,1.114905595779419,631.3095703125,683.1700439453125,89.31902313232422,,112.51387786865234
2025-10-29,4.660999774932861,,363.0,80.07359313964844,1.124685525894165,634.15234375,683.4982299804688,88.41631317138672,,113.90281677246094
2025-10-30,4.616000175476074,,370.1300048828125,79.9560775756836,1.0953458547592163,624.45703125,675.9810180664062,87.9018783569336,,112.18132019042969
2025-10-31,4.632999897003174,,368.1199951171875,79.72102355957031,1.0953458547592163,627.4694213867188,678.1983032226562,87.63980102539062,,111.85853576660156
2025-11-03,4.646999835968018,,368.7799987792969,80.09318542480469,1.1442452669143677,630.4716796875,679.4711303710938,87.42062377929688,,111.27166748046875
2025-11-04,4.591000080108643,,362.32000732421875,80.00503540039062,1.0953458547592163,617.67431640625,671.4169921875,87.61544799804688,,111.64334869384766
2025-11-05,4.5879998207092285,,366.510009765625,80.44575500488281,1.0953458547592163,621.6941528320312,673.7437133789062,86.66077423095703,,111.19341278076172
2025-11-06,4.635000228881836,,366.07000732421875,80.30864715576172,1.1051257848739624,610.1136474609375,666.514892578125,87.44010162353516,,111.9954833984375
2025-11-07,4.605000019073486,,368.30999755859375,82.19883728027344,1.0855660438537598,608.1885375976562,667.1710815429688,87.25502014160156,,114.6559829711914
2025-11-10,4.644000053405762,,378.3800048828125,83.0215072631836,1.0855660438537598,621.6442260742188,677.5818481445312,87.23553466796875,,115.63410949707031
2025-11-11,4.5960001945495605,,379.8699951171875,83.99109649658203,1.0855660438537598,619.9884643554688,679.1329956054688,87.63492584228516,,117.15998077392578
2025-11-12,4.638999938964844,,385.989990234375,84.118408203125,1.0855660438537598,619.4996948242188,679.5109252929688,87.79080200195312,,115.53630065917969
2025-11-13,4.625999927520752,,382.8699951171875,82.25759887695312,1.0953458547592163,606.8519897460938,668.235107421875,87.06993103027344,,116.19164276123047
2025-11-14,4.598999977111816,,375.9599914550781,82.14985656738281,1.0855660438537598,607.310791015625,668.1256713867188,86.57311248779297,,117.70126342773438
2025-11-17,4.625,,371.6499938964844,83.98129272460938,1.0562264919281006,602.1240234375,661.901123046875,86.78742218017578,,116.11270141601562
2025-11-18,4.5929999351501465,,374.3500061035156,82.89419555664062,1.0366666316986084,594.7926635742188,656.3427734375,86.75819396972656,,117.4447250366211
2025-11-19,4.578999996185303,,374.9599914550781,82.53181457519531,1.0366666316986084,598.3436279296875,658.8783569335938,86.58283996582031,,115.78709411621094
2025-11-20,4.517000198364258,,374.8500061035156,82.56121063232422,1.0464465618133545,584.1797485351562,648.8355712890625,86.9238052368164,,115.46148681640625
2025-11-21,4.458000183105469,,374.2699890136719,82.3117446899414,1.0171068906784058,588.568603515625,655.2987670898438,87.18682098388672,,115.52069091796875
2025-11-24,4.517000198364258,,380.20001220703125,83.05125427246094,1.0073269605636597,603.6201782226562,664.9437866210938,87.68364715576172,,114.42547607421875
2025-11-25,4.5229997634887695,,380.0799865722656,83.64285278320312,1.0073269605636597,607.3407592773438,671.1982421875,87.9076919555664,,112.98491668701172
2025-11-26,4.538000106811523,,383.1199951171875,84.3429183959961,1.0073269605636597,612.70703125,675.8318481445312,88.29735565185547,,113.241455078125
2025-11-27,,,,,1.0171068906784058,,,,,
2025-11-28,4.593999862670898,,387.8800048828125,85.0824203491211,1.0073269605636597,617.67431640625,679.5208129882812,87.87846374511719,,114.37614440917969
2025-12-01,4.564000129699707,,389.75,83.46537017822266,0.9975471496582031,615.599609375,676.41845703125,86.78449249267578,,115.0766830444336
2025-12-02,4.611999988555908,,387.239990234375,83.39635467529297,0.9975471496582031,620.4172973632812,677.67138671875,86.82359313964844,,113.84333038330078
2025-12-03,4.622000217437744,,386.8800048828125,83.76116943359375,0.9975471496582031,621.9334716796875,680.0180053710938,87.0680160522461,1.5199999809265137,116.2311019897461
2025-12-04,4.60099983215332,,387.1300048828125,82.2229995727539,0.9877672791481018,621.35498046875,680.51513671875,86.59874725341797,1.4500000476837158,115.57989501953125
2025-12-05,4.59499979019165,,386.44000244140625,81.96663665771484,0.9779874086380005,623.8884887695312,681.8078002929688,86.19792175292969,1.440000057220459,114.98788452148438
2025-12-08,4.521999835968018,,385.4200134277344,79.42274475097656,0.9877672791481018,622.6915283203125,679.7594604492188,85.9144058227539,1.3799999952316284,114.43534851074219
2025-12-09,4.553999900817871,,387.3999938964844,78.52548217773438,1.0073269605636597,623.4595336914062,679.1727905273438,86.00238800048828,1.4199999570846558,116.67510986328125
2025-12-10,4.556000232696533,,389.04998779296875,80.1326675415039,1.0073269605636597,626.0130615234375,683.6771850585938,86.33478546142578,1.440000057220459,117.94792938232422
2025-12-11,4.59499979019165,,393.239990234375,80.07351684570312,1.0268867015838623,623.98828125,685.26806640625,86.21747589111328,1.4500000476837158,117.94792938232422
2025-12-12,4.626999855041504,,395.44000244140625,80.50735473632812,1.0562264919281006,612.0586547851562,677.9000854492188,85.38648223876953,1.4299999475479126,117.23751831054688
2025-12-15,4.609000205993652,,395.79998779296875,80.50735473632812,1.0660063028335571,608.9865112304688,676.8758544921875,85.44513702392578,1.409999966621399,116.19164276123047
2025-12-16,4.61299991607666,,395.8900146484375,80.18196868896484,1.0562264919281006,610.1934204101562,675.0264282226562,85.9144058227539,1.3799999952316284,113.15265655517578
2025-12-17,4.586999893188477,,399.2900085449219,79.1663818359375,1.0757861137390137,598.8822631835938,667.5986938476562,85.83619689941406,1.409999966621399,115.84630584716797
2025-12-18,4.580999851226807,,398.57000732421875,79.71854400634766,1.0660063028335571,607.5601196289062,672.6399536132812,86.2468032836914,1.409999966621399,114.98788452148438
2025-12-19,,,399.0199890136719,78.4268798828125,1.0855660438537598,615.47998046875,678.7363891601562,85.92488861083984,1.409999966621399,115.1358871459961
2025-12-22,4.705999851226807,,408.2300109863281,78.91988372802734,1.114905595779419,618.4302368164062,682.96484375,85.73841094970703,1.409999966621399,116.5764389038086
2025-12-23,4.710999965667725,,413.6400146484375,78.67338562011719,1.124685525894165,621.3265380859375,686.0863037109375,85.87581634521484,1.3899999856948853,117.82952117919922
2025-12-24,4.732999801635742,,411.92999267578125,79.32414245605469,1.1051257848739624,623.144287109375,688.4996948242188,86.39598846435547,1.409999966621399,117.63219451904297
2025-12-26,4.756999969482422,,416.739990234375,79.28471374511719,1.1051257848739624,623.1043090820312,688.4298706054688,86.11135864257812,1.409999966621399,117.5236587524414
2025-12-29,4.7729997634887695,,398.6000061035156,79.14665985107422,1.124685525894165,620.088134765625,685.9765625,86.43523406982422,1.399999976158142,118.92474365234375
2025-12-30,4.784999847412109,,398.8900146484375,79.40302276611328,1.1344653367996216,618.64990234375,685.138916015625,86.2291259765625,1.4199999570846558,119.37861633300781
2025-12-31,4.7820000648498535,,396.30999755859375,79.15652465820312,1.1344653367996216,613.536376953125,680.062744140625,85.54212951660156,1.5099999904632568,118.73727416992188
2026-01-02,4.85699987411499,,398.2799987792969,79.79743194580078,1.1442452669143677,612.347900390625,681.309326171875,85.41454315185547,1.690000057220459,121.01651000976562
2026-01-05,4.883999824523926,,408.760009765625,80.18196868896484,1.124685525894165,617.2117309570312,685.846923828125,85.83656311035156,1.7899999618530273,123.69041442871094
2026-01-06,4.947999954223633,,413.17999267578125,79.91575622558594,1.1344653367996216,622.6348876953125,689.92578125,85.659912109375,1.7100000381469727,119.43782806396484
2026-01-07,4.916999816894531,,409.2300109863281,77.27326202392578,1.1344653367996216,623.2341918945312,687.701904296875,86.16043853759766,1.6299999952316284,116.91191101074219
2026-01-08,4.876999855041504,,411.489990234375,78.37757873535156,1.124685525894165,619.6885986328125,687.632080078125,85.72859191894531,1.649999976158142,121.2730484008789
2026-01-09,4.877999782562256,,414.4700012207031,78.77198028564453,1.124685525894165,625.86083984375,692.1796264648438,86.29783630371094,1.600000023841858,122.95040893554688
2026-01-12,4.9019999504089355,,422.2300109863281,79.98477172851562,1.1540250778198242,626.3801879882812,693.2666625976562,86.04266357421875,1.6200000047683716,122.37812805175781
2026-01-13,4.9120001792907715,,421.6300048828125,80.49749755859375,1.1735849380493164,625.4513549804688,691.8804931640625,86.18988037109375,1.559999942779541,124.85469818115234
2026-01-14,4.88700008392334,,425.94000244140625,80.8327407836914,1.1638051271438599,618.769775390625,688.479736328125,86.69041442871094,1.559999942779541,128.4659423828125
2026-01-15,4.888999938964844,,423.3299865722656,81.03980255126953,1.1638051271438599,620.9970092773438,690.3546142578125,86.6707763671875,1.649999976158142,127.41021728515625
2026-01-16,4.866000175476074,,421.2900085449219,82.45964050292969,1.1735849380493164,620.4776611328125,689.7761840820312,86.17024993896484,1.6399999856948853,128.1600799560547
2026-01-19,,,,,1.1540250778198242,,,,1.6399999856948853,
2026-01-20,4.86899995803833,,437.2300109863281,82.34132385253906,1.1638051271438599,607.2942504882812,675.7345581054688,85.0416030883789,1.659999966621399,128.72250366210938
2026-01-21,4.889999866485596,,443.6000061035156,82.67656707763672,1.1735849380493164,615.50390625,683.5332641601562,85.68934631347656,1.6799999475479126,131.83055114746094
2026-01-22,,,451.7900085449219,83.8794937133789,1.1638051271438599,619.978271484375,687.103515625,86.06229400634766,1.7200000286102295,131.8601531982422
2026-01-23,,,458.0,83.62313079833984,1.1638051271438599,621.935791015625,687.352783203125,86.29783630371094,1.6799999475479126,133.1724395751953
2026-01-26,5.015999794006348,,464.70001220703125,84.27389526367188,1.183364748954773,624.67236328125,690.84326171875,86.71003723144531,1.75,133.04415893554688
2026-01-27,5.072000026702881,,476.1000061035156,85.93038940429688,1.2029244899749756,630.335205078125,693.5957641601562,86.17024993896484,1.6799999475479126,135.0076446533203
2026-01-28,5.067999839782715,,494.55999755859375,86.3445053100586,1.183364748954773,632.4225463867188,693.5259399414062,85.97396087646484,1.6799999475479126,135.74766540527344
2026-01-29,5.045000076293945,,495.8999938964844,86.94596862792969,1.183364748954773,628.6373291015625,692.1497192382812,85.99359130859375,1.649999976158142,138.63864135742188
2026-01-30,4.9720001220703125,,444.95001220703125,86.66989135742188,1.124685525894165,621.0868530273438,690.0853271484375,85.51268005371094,1.6799999475479126,139.51678466796875
2026-02-02,4.916999816894531,,427.1300048828125,85.12186431884766,1.1442452669143677,625.3515014648438,693.5159912109375,85.26835632324219,1.6799999475479126,136.55673217773438
2026-02-03,4.9710001945495605,,454.2900085449219,87.57701110839844,1.1442452669143677,615.7435913085938,687.6520385742188,85.47525787353516,1.7000000476837158,141.8157501220703
2026-02-04,4.956999778747559,,453.9700012207031,88.7109146118164,1.1540250778198242,604.9871826171875,684.3211059570312,85.25850677490234,1.6799999475479126,145.6243438720703
2026-02-05,4.959000110626221,,441.8800048828125,87.96155548095703,1.1344653367996216,596.2781982421875,675.7744750976562,86.18458557128906,1.690000057220459,144.1344757080078
2026-02-06,4.915999889373779,,455.4599914550781,88.2179183959961,1.1344653367996216,608.8822631835938,688.739013671875,86.24369049072266,1.659999966621399,147.06491088867188
2026-02-09,4.980000019073486,,467.0299987792969,88.22777557373047,1.1540250778198242,613.54638671875,692.0599975585938,86.2239990234375,1.7000000476837158,149.19613647460938
2026-02-10,5.058000087738037,,462.3999938964844,89.55888366699219,1.1540250778198242,610.699951171875,690.2349243164062,87.21903991699219,1.7200000286102295,149.57107543945312
2026-02-11,5.0970001220703125,,467.6300048828125,90.08147430419922,1.1442452669143677,612.337890625,690.075439453125,86.75598907470703,1.690000057220459,153.4882049560547
2026-02-12,5.0960001945495605,,451.3900146484375,90.64349365234375,1.1442452669143677,599.8836059570312,679.41455078125,87.90867614746094,1.659999966621399,148.91920471191406
2026-02-13,5.011000156402588,,462.6199951171875,92.4873275756836,1.1344653367996216,601.1619873046875,679.8931884765625,88.39142608642578,1.6699999570846558,147.44918823242188
2026-02-16,,,,,1.1442452669143677,,,,1.6799999475479126,
2026-02-17,,,448.20001220703125,91.4125747680664,,600.542724609375,680.9901733398438,88.53919982910156,,145.20443725585938
2026-02-18,,,458.2799987792969,89.94342803955078,,605.027099609375,684.4208374023438,88.20423889160156,,149.66415405273438
2026-02-19,5.166999816894531,,459.55999755859375,90.35755157470703,1.1638051271438599,602.7100219726562,682.61572265625,88.29290008544922,1.7400000095367432,149.95220947265625
2026-02-20,5.195000171661377,,468.6199951171875,90.8899917602539,1.1638051271438599,608.0433349609375,687.5523071289062,88.08601379394531,1.7899999618530273,146.28707885742188
2026-02-23,5.2210001945495605,,481.2799987792969,92.74368286132812,1.1735849380493164,600.652587890625,680.531494140625,88.41111755371094,1.8600000143051147,149.74362182617188
2026-02-24,5.197000026702881,,474.6099853515625,94.34101104736328,1.1735849380493164,607.1044921875,685.4779052734375,88.56875610351562,1.840000033378601,148.25372314453125
2026-02-25,5.1539998054504395,,473.4200134277344,93.77899169921875,1.2420439720153809,615.9033813476562,691.26220703125,88.57861328125,1.7899999618530273,148.05508422851562
2026-02-26,5.131999969482422,,477.4800109863281,90.70264434814453,1.2909433841705322,608.4727783203125,687.422607421875,88.93327331542969,1.690000057220459,147.53857421875
2026-02-27,5.156000137329102,,483.75,93.08817291259766,1.320283055305481,606.5252075195312,684.1216430664062,89.4751205444336,1.7000000476837158,151.47189331054688
2026-03-02,5.0329999923706055,,490.0,92.03588104248047,1.3594025373458862,607.32421875,684.5106201171875,88.57661437988281,1.6200000047683716,153.1802978515625
2026-03-03,5.03000020980835,,468.1400146484375,91.91675567626953,1.3594025373458862,600.8224487304688,678.4771118164062,88.39868927001953,1.5800000429153442,150.80641174316406
2026-03-04,4.918000221252441,,471.79998779296875,91.92668151855469,1.3398427963256836,609.9808959960938,683.2639770507812,88.1219253540039,1.4800000190734863,148.80996704101562
2026-03-05,4.931000232696533,,466.1300048828125,90.46736907958984,1.4180817604064941,608.1431274414062,679.4544067382812,87.76607513427734,1.5099999904632568,149.74362182617188
2026-03-06,4.928999900817871,,473.510009765625,90.35816955566406,1.398521900177002,598.9946899414062,670.5487060546875,87.43987274169922,1.5099999904632568,150.1905975341797
2026-03-09,4.816999912261963,,472.5299987792969,91.34097290039062,1.3594025373458862,606.99462890625,676.4227294921875,88.20099639892578,1.4600000381469727,149.42578125
2026-03-10,4.940000057220459,,477.8599853515625,90.8743896484375,1.3496226072311401,607.004638671875,675.3356323242188,87.26194763183594,1.5,147.13136291503906
2026-03-11,4.943999767303467,,476.239990234375,90.99352264404297,1.4376415014266968,606.9247436523438,674.4879760742188,86.13509368896484,1.5299999713897705,150.55809020996094
2026-03-12,4.914999961853027,,466.8800048828125,91.0630111694336,1.476760983467102,596.5078735351562,664.2459106445312,85.96705627441406,1.5399999618530273,152.4949493408203
2026-03-13,4.888999938964844,,460.8399963378906,92.10537719726562,1.398521900177002,592.9722900390625,660.4862060546875,85.5420150756836,1.559999942779541,155.06747436523438
2026-03-16,4.918000221252441,,460.42999267578125,92.14508056640625,1.3887420892715454,599.6239013671875,667.2078857421875,86.20428466796875,1.5199999809265137,156.1699981689453
2026-03-17,4.986999988555908,,459.2699890136719,91.85719299316406,1.3887420892715454,602.5502319335938,668.9630126953125,86.44152069091797,1.5399999618530273,157.73934936523438
2026-03-18,5.050000190734863,,444.739990234375,90.2986068725586,1.4572012424468994,594.15087890625,659.6285400390625,85.95716857910156,1.6100000143051147,156.52757263183594
2026-03-19,5.001999855041504,,426.4100036621094,91.73806762695312,1.4474214315414429,592.273193359375,658.0029907226562,86.4810562133789,1.5299999713897705,157.09373474121094
2026-03-20,4.99399995803833,,413.3800048828125,88.84922790527344,1.476760983467102,581.3269653320312,648.5700073242188,84.84020233154297,1.5800000429153442,158.5935516357422
2026-03-23,4.88700008392334,,404.0400085449219,89.57392120361328,1.4180817604064941,588.0,655.3800048828125,85.39374542236328,1.5299999713897705,160.04371643066406
2026-03-24,4.918000221252441,,404.1300048828125,90.95381164550781,1.4474214315414429,583.97998046875,653.1799926757812,85.01812744140625,1.5499999523162842,164.2650604248047
2026-03-25,4.98199987411499,,416.2900085449219,90.49716186523438,1.5647798776626587,587.8200073242188,656.8200073242188,85.83855438232422,1.600000023841858,162.1593475341797
2026-03-26,4.920000076293945,,400.6400146484375,90.49716186523438,1.5941194295883179,573.7899780273438,645.0900268554688,85.11697387695312,1.4900000095367432,164.31471252441406
2026-03-27,4.933000087738037,,414.70001220703125,90.73541259765625,1.6136791706085205,562.5800170898438,634.0900268554688,84.65239715576172,1.4700000286102295,169.8372344970703
2026-03-30,4.926000118255615,,414.5799865722656,91.38068389892578,1.603899359703064,558.280029296875,631.969970703125,85.77925109863281,1.4700000286102295,170.31399536132812
2026-03-31,4.9029998779296875,,430.2900085449219,92.20464324951172,1.5158804655075073,577.1799926757812,650.3400268554688,85.6902847290039,1.440000057220459,168.51620483398438
2026-04-01,5.038000106811523,,437.82000732421875,92.17486572265625,1.6136791706085205,584.3099975585938,655.239990234375,85.6059341430664,1.5199999809265137,159.69607543945312
2026-04-02,4.986000061035156,27.760000228881836,429.4100036621094,92.47268676757812,1.5843396186828613,584.97998046875,655.8300170898438,86.13191223144531,1.4700000286102295,159.60667419433594
2026-04-06,5.041999816894531,29.15999984741211,427.6499938964844,92.05574035644531,1.672358512878418,588.5,658.9299926757812,85.99297332763672,1.4299999475479126,162.2686004638672
2026-04-07,5.0320000648498535,29.440000534057617,431.80999755859375,92.98889923095703,1.6430188417434692,588.5900268554688,659.219970703125,85.98304748535156,1.4500000476837158,162.8049774169922
2026-04-08,5.158999919891357,32.470001220703125,434.5299987792969,93.48526763916016,1.672358512878418,606.0900268554688,676.010009765625,86.26092529296875,1.4700000286102295,155.16680908203125
2026-04-09,5.133999824523926,32.380001068115234,437.9100036621094,93.79301452636719,1.6430188417434692,610.1900024414062,679.9099731445312,86.04258728027344,1.4299999475479126,153.99476623535156
2026-04-10,5.184999942779541,32.43000030517578,437.1300048828125,93.39592742919922,1.6430188417434692,611.0700073242188,679.4600219726562,85.83418273925781,1.440000057220459,151.4818115234375
2026-04-13,5.168000221252441,33.54999923706055,435.3599853515625,91.62886810302734,1.6430188417434692,617.3900146484375,686.0999755859375,86.09220886230469,1.399999976158142,151.61094665527344
2026-04-14,5.242000102996826,35.56999969482422,445.0899963378906,90.64606475830078,1.6527987718582153,628.5999755859375,694.4600219726562,86.54872131347656,1.4299999475479126,148.23387145996094
2026-04-15,5.275000095367432,34.470001220703125,440.4599914550781,90.57656860351562,1.6332389116287231,637.4000244140625,699.9400024414062,86.1716079711914,1.409999966621399,148.0054168701172
2026-04-16,5.269000053405762,35.040000915527344,440.0799865722656,91.16228485107422,1.6234591007232666,640.469970703125,701.6599731445312,85.62577819824219,1.399999976158142,150.9553985595703
2026-04-17,5.2769999504089355,35.59000015258789,445.92999267578125,91.31119537353516,1.603899359703064,648.8499755859375,710.1400146484375,86.4097900390625,1.3600000143051147,145.45274353027344
2026-04-20,5.25,35.06999969482422,442.0899963378906,91.34097290039062,1.5843396186828613,646.7899780273438,708.719970703125,86.38993835449219,1.309999942779541,146.6843719482422
2026-04-21,5.2769999504089355,34.93000030517578,429.57000732421875,89.94122314453125,1.603899359703064,644.3300170898438,704.0800170898438,85.91358184814453,1.399999976158142,147.35980224609375
2026-04-22,5.28000020980835,37.29999923706055,435.260009765625,89.34558868408203,1.603899359703064,655.1099853515625,711.2100219726562,86.08228302001953,1.409999966621399,148.4921112060547
2026-04-23,5.23199987411499,36.36000061035156,431.0400085449219,95.55014038085938,1.5941194295883179,651.4199829101562,708.4500122070312,85.89373016357422,1.399999976158142,149.51516723632812
2026-04-24,5.2210001945495605,37.20000076293945,433.25,94.58719635009766,1.5745596885681152,663.8800048828125,713.9400024414062,86.05252075195312,1.4700000286102295,147.90609741210938
2026-04-27,5.210000038146973,38.56999969482422,429.8900146484375,94.14047241210938,1.5647798776626587,664.22998046875,715.1699829101562,85.62577819824219,1.4299999475479126,147.19094848632812
2026-04-28,5.201000213623047,37.33000183105469,421.9100036621094,95.80825805664062,1.5647798776626587,657.5499877929688,711.6900024414062,85.71509552001953,1.3899999856948853,149.5449676513672
2026-04-29,5.189000129699707,38.22999954223633,417.4100036621094,93.48526763916016,1.545220136642456,661.5700073242188,711.5800170898438,85.0501708984375,1.3700000047683716,153.62725830078125
2026-04-30,5.250999927520752,39.33000183105469,423.6600036621094,97.16828918457031,1.5354403257369995,667.739990234375,718.6599731445312,84.97077941894531,1.4600000381469727,153.28955078125
2026-05-01,,40.40999984741211,423.17999267578125,96.24504852294922,,674.1500244140625,720.6500244140625,85.27458953857422,,151.72019958496094
2026-05-04,5.2870001792907715,42.470001220703125,414.7099914550781,94.8155288696289,1.5550000667572021,672.8800048828125,718.010009765625,84.62712860107422,1.4900000095367432,152.65386962890625
2026-05-05,5.260000228881836,46.290000915527344,418.2699890136719,95.57992553710938,1.5199999809265137,681.6099853515625,723.77001953125,85.09529113769531,1.3799999952316284,153.83584594726562
2026-05-06,5.315999984741211,48.68000030517578,430.9599914550781,94.69639587402344,1.5099999904632568,695.77001953125,733.8300170898438,85.74274444580078,1.3300000429153442,147.6875762939453
2026-05-07,5.376999855041504,46.54999923706055,431.67999267578125,92.64144897460938,1.600000023841858,694.9400024414062,731.5800170898438,85.3144302368164,1.3600000143051147,145.591796875
2026-05-08,5.3420000076293945,52.79999923706055,433.7699890136719,92.42304992675781,1.6399999856948853,711.22998046875,737.6199951171875,85.74274444580078,1.3200000524520874,143.59535217285156
2026-05-11,5.3480000495910645,55.08000183105469,434.6499938964844,94.150390625,1.5800000429153442,713.2899780273438,739.2999877929688,85.22477722167969,1.2999999523162842,148.6708984375
2026-05-12,5.395999908447266,51.29999923706055,432.92999267578125,93.90221405029297,1.5800000429153442,707.239990234375,738.1799926757812,84.65701293945312,1.3300000429153442,149.614501953125
2026-05-13,5.454999923706055,54.540000915527344,430.5,94.16032409667969,1.6299999952316284,714.7100219726562,742.3099975585938,84.46776580810547,1.2999999523162842,150.5481719970703
2026-05-14,5.452000141143799,53.790000915527344,427.2099914550781,94.98429107666016,1.7300000190734863,719.7899780273438,748.1699829101562,84.58728790283203,1.2799999713897705,151.75
2026-05-15,5.361999988555908,51.099998474121094,417.2900085449219,92.68115997314453,1.649999976158142,708.9299926757812,739.1699829101562,83.33222961425781,1.2899999618530273,157.9199981689453
2026-05-18,5.321000099182129,49.31999969482422,418.42999267578125,88.39257049560547,1.6699999570846558,705.8800048828125,738.6500244140625,83.23261260986328,1.2000000476837158,160.49000549316406
2026-05-19,5.310999870300293,49.77000045776367,411.5,89.4051513671875,1.6399999856948853,701.530029296875,733.72998046875,82.69473266601562,1.2300000190734863,162.5500030517578
2026-05-20,5.293000221252441,51.5099983215332,417.3999938964844,87.62816619873047,1.6200000047683716,713.1500244140625,741.25,83.58125305175781,1.2000000476837158,156.27999877929688
2026-05-21,5.289000034332275,54.34000015258789,416.989990234375,89.03784942626953,1.590000033378601,714.510009765625,742.719970703125,83.89002990722656,1.2999999523162842,155.2899932861328
2026-05-22,5.311999797821045,52.81999969482422,413.82000732421875,87.90613555908203,1.5299999713897705,717.5399780273438,745.6400146484375,84.34822845458984,1.340000033378601,154.9199981689453
2026-05-25,,,,,1.5299999713897705,,,,1.350000023841858,
2026-05-26,5.314000129699707,60.5099983215332,414.0,87.01268005371094,1.4900000095367432,730.280029296875,750.5900268554688,84.7665786743164,1.350000023841858,149.80999755859375
2026-05-27,,60.72999954223633,408.489990234375,87.01268005371094,1.4900000095367432,729.4500122070312,750.4600219726562,84.96580505371094,1.350000023841858,147.89999389648438
2026-05-28,5.276000022888184,62.56999969482422,412.7699890136719,86.61558532714844,1.4700000286102295,735.5999755859375,754.5999755859375,85.4040756225586,1.350000023841858,146.9600067138672
2026-05-29,5.3520002365112305,63.20000076293945,417.1199951171875,86.37733459472656,1.5,738.3099975585938,756.47998046875,85.42400360107422,1.3700000047683716,145.25999450683594
2026-06-01,,68.0,411.260009765625,83.05168914794922,,742.739990234375,758.5399780273438,85.47000122070312,,149.3800048828125
2026-06-02,5.339000225067139,69.56999969482422,411.95001220703125,85.05699920654297,1.5,746.1599731445312,759.5700073242188,85.6500015258789,1.3600000143051147,149.55999755859375
2026-06-03,5.336999893188477,69.70999908447266,407.8699951171875,83.96500396728516,1.4900000095367432,744.2100219726562,754.239990234375,85.30999755859375,1.3899999856948853,152.52999877929688
2026-06-04,5.247000217437744,65.69999694824219,411.2699890136719,85.05699920654297,1.4700000286102295,740.6099853515625,757.0900268554688,85.5,1.399999976158142,152.0399932861328
2026-06-05,5.181000232696533,55.790000915527344,396.239990234375,85.83999633789062,1.5,705.0599975585938,737.5499877929688,85.05999755859375,1.440000057220459,149.9199981689453
2026-06-08,,60.52000045776367,397.2699890136719,84.01000213623047,1.4800000190734863,716.0700073242188,739.219970703125,84.62000274658203,1.3899999856948853,151.75
2026-06-09,,,,,1.4700000286102295,,,,1.4299999475479126,
