Date,DRAM,NEE,P52.SI,ULG.SI,XOM
2024-07-08,27.760000228881836,68.05030822753906,0.5039291381835938,1.5199999809265137,105.05152130126953
2024-07-09,27.760000228881836,68.05974578857422,0.5039291381835938,1.5199999809265137,103.89031982421875
2024-07-10,27.760000228881836,68.79582977294922,0.4993059039115906,1.5199999809265137,104.80805206298828
2024-07-11,27.760000228881836,70.49449920654297,0.4993059039115906,1.5199999809265137,106.05352020263672
2024-07-12,27.760000228881836,71.7213134765625,0.4993059039115906,1.5199999809265137,106.07225036621094
2024-07-15,27.760000228881836,66.9744873046875,0.4900594651699066,1.5199999809265137,107.88897705078125
2024-07-16,27.760000228881836,67.85212707519531,0.4854362905025482,1.5199999809265137,108.66622924804688
2024-07-17,27.760000228881836,66.90843963623047,0.4993059039115906,1.5199999809265137,110.16456604003906
2024-07-18,27.760000228881836,67.63507843017578,0.49468275904655457,1.5199999809265137,111.25086212158203
2024-07-19,27.760000228881836,67.9465103149414,0.4854362905025482,1.5199999809265137,108.69432830810547
2024-07-22,27.760000228881836,68.79582977294922,0.48081305623054504,1.5199999809265137,107.94515991210938
2024-07-23,27.760000228881836,68.05030822753906,0.4854362905025482,1.5199999809265137,106.20335388183594
2024-07-24,27.760000228881836,71.16453552246094,0.49468275904655457,1.5199999809265137,107.7016830444336
2024-07-25,27.760000228881836,69.30543518066406,0.48081305623054504,1.5199999809265137,109.9679183959961
2024-07-26,27.760000228881836,70.07926177978516,0.47618988156318665,1.5199999809265137,109.87425994873047
2024-07-29,27.760000228881836,70.15476989746094,0.4900594651699066,1.5199999809265137,108.72241973876953
2024-07-30,27.760000228881836,70.09814453125,0.47618988156318665,1.5199999809265137,110.66087341308594
2024-07-31,27.760000228881836,72.08936309814453,0.49468275904655457,1.5199999809265137,111.05419158935547
2024-08-01,27.760000228881836,73.97675323486328,0.4900594651699066,1.5199999809265137,109.51841735839844
2024-08-02,27.760000228881836,74.74114990234375,0.4854362905025482,1.5199999809265137,109.4528579711914
2024-08-05,27.760000228881836,72.36302185058594,0.47156670689582825,1.5199999809265137,107.4769287109375
2024-08-06,27.760000228881836,72.6366958618164,0.47618988156318665,1.5199999809265137,106.90570068359375
2024-08-07,27.760000228881836,73.19348907470703,0.4669434726238251,1.5199999809265137,108.32910919189453
2024-08-08,27.760000228881836,73.17460632324219,0.47156670689582825,1.5199999809265137,110.398681640625
2024-08-09,27.760000228881836,73.09911346435547,0.47156670689582825,1.5199999809265137,111.29767608642578
2024-08-12,27.760000228881836,73.21236419677734,0.4576971232891083,1.5199999809265137,111.4381332397461
2024-08-13,27.760000228881836,73.72196197509766,0.4669434726238251,1.5199999809265137,110.3705825805664
2024-08-14,27.760000228881836,73.61814880371094,0.4623202681541443,1.5199999809265137,111.39131164550781
2024-08-15,27.760000228881836,73.05194091796875,0.4623202681541443,1.5199999809265137,112.08043670654297
2024-08-16,27.760000228881836,74.1466293334961,0.4669434726238251,1.5199999809265137,111.55179595947266
2024-08-19,27.760000228881836,74.88270568847656,0.4623202681541443,1.5199999809265137,111.89163208007812
2024-08-20,27.760000228881836,74.53353881835938,0.4623202681541443,1.5199999809265137,108.16285705566406
2024-08-21,27.760000228881836,75.15637969970703,0.4688846468925476,1.5199999809265137,107.47374725341797
2024-08-22,27.760000228881836,74.4769058227539,0.48295116424560547,1.5199999809265137,108.30445861816406
2024-08-23,27.760000228881836,75.1752700805664,0.48295116424560547,1.5199999809265137,109.80541229248047
2024-08-26,27.760000228881836,76.10008239746094,0.4735735058784485,1.5199999809265137,112.15595245361328
2024-08-27,27.760000228881836,75.12808227539062,0.47826236486434937,1.5199999809265137,111.08924865722656
2024-08-28,27.760000228881836,74.9393310546875,0.48295116424560547,1.5199999809265137,109.99420166015625
2024-08-29,27.760000228881836,75.52442169189453,0.47826236486434937,1.5199999809265137,111.5140380859375
2024-08-30,27.760000228881836,76.46949768066406,0.48764005303382874,1.5199999809265137,111.3346939086914
2024-09-02,27.760000228881836,76.46949768066406,0.48764005303382874,1.5199999809265137,111.3346939086914
2024-09-03,27.760000228881836,75.91859436035156,0.4970177710056305,1.5199999809265137,109.00300598144531
2024-09-04,27.760000228881836,77.0108871459961,0.48295116424560547,1.5199999809265137,107.67198181152344
2024-09-05,27.760000228881836,76.29853057861328,0.48295116424560547,1.5199999809265137,106.83181762695312
2024-09-06,27.760000228881836,75.96609497070312,0.48295116424560547,1.5199999809265137,106.33149719238281
2024-09-09,27.760000228881836,77.11537170410156,0.47826236486434937,1.5199999809265137,108.56877136230469
2024-09-10,27.760000228881836,78.16964721679688,0.48295116424560547,1.5199999809265137,104.61344909667969
2024-09-11,27.760000228881836,79.24295043945312,0.48295116424560547,1.5199999809265137,103.57504272460938
2024-09-12,27.760000228881836,79.27143859863281,0.47826236486434937,1.5199999809265137,105.00048065185547
2024-09-13,27.760000228881836,80.40172576904297,0.47826236486434937,1.5199999809265137,104.92496490478516
2024-09-16,27.760000228881836,80.39222717285156,0.47826236486434937,1.5199999809265137,106.3975830078125
2024-09-17,27.760000228881836,80.7056655883789,0.47826236486434937,1.5199999809265137,107.7852554321289
2024-09-18,27.760000228881836,80.05028533935547,0.47826236486434937,1.5199999809265137,108.16285705566406
2024-09-19,27.760000228881836,78.16016387939453,0.48764005303382874,1.5199999809265137,109.50332641601562
2024-09-20,27.760000228881836,78.60658264160156,0.48764005303382874,1.5199999809265137,108.81421661376953
2024-09-23,27.760000228881836,80.56320190429688,0.48764005303382874,1.5199999809265137,110.78715515136719
2024-09-24,27.760000228881836,80.05978393554688,0.48764005303382874,1.5199999809265137,110.49451446533203
2024-09-25,27.760000228881836,80.37323760986328,0.48764005303382874,1.5199999809265137,108.34221649169922
2024-09-26,27.760000228881836,79.27143859863281,0.4923288822174072,1.5199999809265137,106.48255157470703
2024-09-27,27.760000228881836,80.29723358154297,0.4923288822174072,1.5199999809265137,109.33340454101562
2024-09-30,27.760000228881836,80.2877426147461,0.4923288822174072,1.5199999809265137,110.65501403808594
2024-10-01,27.760000228881836,80.99059295654297,0.4923288822174072,1.5199999809265137,113.21322631835938
2024-10-02,27.760000228881836,81.142578125,0.48764005303382874,1.5199999809265137,114.71417236328125
2024-10-03,27.760000228881836,80.78165435791016,0.4923288822174072,1.5199999809265137,115.71481323242188
2024-10-04,27.760000228881836,79.6418685913086,0.48295116424560547,1.5199999809265137,117.83879852294922
2024-10-07,27.760000228881836,76.26052856445312,0.4923288822174072,1.5199999809265137,118.34856414794922
2024-10-08,27.760000228881836,76.45999145507812,0.4923288822174072,1.5199999809265137,115.2050552368164
2024-10-09,27.760000228881836,76.5359878540039,0.4970177710056305,1.5199999809265137,115.25225067138672
2024-10-10,27.760000228881836,76.87791442871094,0.48295116424560547,1.5199999809265137,116.24344635009766
2024-10-11,27.760000228881836,77.7517318725586,0.4923288822174072,1.5199999809265137,116.68712615966797
2024-10-14,27.760000228881836,78.74905395507812,0.4923288822174072,1.5199999809265137,117.13080596923828
2024-10-15,27.760000228881836,78.63507080078125,0.48764005303382874,1.5199999809265137,113.60971069335938
2024-10-16,27.760000228881836,80.15477752685547,0.48764005303382874,1.5199999809265137,113.90235900878906
2024-10-17,27.760000228881836,79.57538604736328,0.48764005303382874,1.5199999809265137,113.60971069335938
2024-10-18,27.760000228881836,80.14527130126953,0.48764005303382874,1.5199999809265137,113.28874206542969
2024-10-21,27.760000228881836,79.81283569335938,0.4970177710056305,1.5199999809265137,113.3548355102539
2024-10-22,27.760000228881836,79.49939727783203,0.4970177710056305,1.5199999809265137,113.94009399414062
2024-10-23,27.760000228881836,80.69615936279297,0.501706600189209,1.5199999809265137,113.5341796875
2024-10-24,27.760000228881836,78.65406799316406,0.501706600189209,1.5199999809265137,112.89227294921875
2024-10-25,27.760000228881836,77.34331512451172,0.4970177710056305,1.5199999809265137,112.7978744506836
2024-10-28,27.760000228881836,78.71106719970703,0.4923288822174072,1.5199999809265137,112.24092102050781
2024-10-29,27.760000228881836,75.56716918945312,0.4923288822174072,1.5199999809265137,110.71163177490234
2024-10-30,27.760000228881836,75.1207504272461,0.48764005303382874,1.5199999809265137,110.1546859741211
2024-10-31,27.760000228881836,75.27272033691406,0.48764005303382874,1.5199999809265137,110.23965454101562
2024-11-01,27.760000228881836,73.46807098388672,0.4923288822174072,1.5199999809265137,108.51213836669922
2024-11-04,27.760000228881836,74.43688201904297,0.4970177710056305,1.5199999809265137,111.96714782714844
2024-11-05,27.760000228881836,74.70284271240234,0.4923288822174072,1.5199999809265137,112.29754638671875
2024-11-06,27.760000228881836,70.78010559082031,0.48295116424560547,1.5199999809265137,114.2232894897461
2024-11-07,27.760000228881836,70.87509155273438,0.48295116424560547,1.5199999809265137,114.36490631103516
2024-11-08,27.760000228881836,73.10714721679688,0.4923288822174072,1.5199999809265137,114.3271484375
2024-11-11,27.760000228881836,72.1003646850586,0.501706600189209,1.5199999809265137,113.72297668457031
2024-11-12,27.760000228881836,70.53314971923828,0.5110843181610107,1.5199999809265137,113.60971069335938
2024-11-13,27.760000228881836,70.51415252685547,0.5251507759094238,1.5199999809265137,114.66698455810547
2024-11-14,27.760000228881836,71.501953125,0.5251507759094238,1.5199999809265137,114.74313354492188
2024-11-15,27.760000228881836,72.51828002929688,0.5298396944999695,1.5199999809265137,113.55343627929688
2024-11-18,27.760000228881836,72.5562744140625,0.5204620361328125,1.5199999809265137,114.50518798828125
2024-11-19,27.760000228881836,73.21163177490234,0.5251507759094238,1.5199999809265137,112.90623474121094
2024-11-20,27.760000228881836,73.02165985107422,0.5204620361328125,1.5199999809265137,114.51469421386719
2024-11-21,27.760000228881836,73.47758483886719,0.5251507759094238,1.5199999809265137,116.04701232910156
2024-11-22,27.760000228881836,72.66960144042969,0.5204620361328125,1.5199999809265137,115.91377258300781
2024-11-25,27.760000228881836,73.28156280517578,0.5298396944999695,1.5199999809265137,114.18158721923828
2024-11-26,27.760000228881836,74.09432220458984,0.5204620361328125,1.5199999809265137,112.27808380126953
2024-11-27,27.760000228881836,75.07917785644531,0.5251507759094238,1.5199999809265137,111.9830322265625
2024-11-28,27.760000228881836,75.07917785644531,0.5204620361328125,1.5199999809265137,111.9830322265625
2024-11-29,27.760000228881836,75.22261047363281,0.5204620361328125,1.5199999809265137,112.26856231689453
2024-12-02,27.760000228881836,73.69271087646484,0.5251507759094238,1.5199999809265137,112.16387176513672
2024-12-03,27.760000228881836,72.9468994140625,0.5251507759094238,1.5199999809265137,111.99256134033203
2024-12-04,27.760000228881836,72.4209976196289,0.5251507759094238,1.5199999809265137,108.76612854003906
2024-12-05,27.760000228881836,72.86083984375,0.5157731175422668,1.5199999809265137,109.24198913574219
2024-12-06,27.760000228881836,71.94290161132812,0.5110843181610107,1.5199999809265137,108.09037780761719
2024-12-09,27.760000228881836,71.42657470703125,0.5204620361328125,1.5199999809265137,107.45270538330078
2024-12-10,27.760000228881836,70.89110565185547,0.5204620361328125,1.5199999809265137,107.23379516601562
2024-12-11,27.760000228881836,70.73812866210938,0.5251507759094238,1.5199999809265137,106.51998901367188
2024-12-12,27.760000228881836,70.01142883300781,0.5157731175422668,1.5199999809265137,106.42481231689453
2024-12-13,27.760000228881836,70.39391326904297,0.5110843181610107,1.5199999809265137,105.4920883178711
2024-12-16,27.760000228881836,69.60027313232422,0.5157731175422668,1.5199999809265137,103.2364501953125
2024-12-17,27.760000228881836,69.10305786132812,0.5110843181610107,1.5199999809265137,102.79864501953125
2024-12-18,27.760000228881836,67.42974853515625,0.5063954591751099,1.5199999809265137,101.28536224365234
2024-12-19,27.760000228881836,66.71260833740234,0.501706600189209,1.5199999809265137,100.41925811767578
2024-12-20,27.760000228881836,68.52935791015625,0.5063954591751099,1.5199999809265137,100.76189422607422
2024-12-23,27.760000228881836,69.31341552734375,0.5063954591751099,1.5199999809265137,101.17115020751953
2024-12-24,27.760000228881836,69.71501922607422,0.5063954591751099,1.5199999809265137,101.26631927490234
2024-12-26,27.760000228881836,69.19868469238281,0.5063954591751099,1.5199999809265137,101.35198974609375
2024-12-27,27.760000228881836,68.9500732421875,0.5110843181610107,1.5199999809265137,101.34247589111328
2024-12-30,27.760000228881836,68.61540222167969,0.5157731175422668,1.5199999809265137,100.6572036743164
2024-12-31,27.760000228881836,68.54847717285156,0.5204620361328125,1.5199999809265137,102.37987518310547
2025-01-02,27.760000228881836,68.47198486328125,0.5251507759094238,1.5199999809265137,102.13241577148438
2025-01-03,27.760000228881836,68.8353271484375,0.5251507759094238,1.5199999809265137,102.65587615966797
2025-01-06,27.760000228881836,68.11820983886719,0.5251507759094238,1.5199999809265137,102.54167175292969
2025-01-07,27.760000228881836,67.34368896484375,0.5251507759094238,1.5199999809265137,103.50293731689453
2025-01-08,27.760000228881836,67.56360626220703,0.5251507759094238,1.5199999809265137,101.77074432373047
2025-01-09,27.760000228881836,67.56360626220703,0.5298396944999695,1.5199999809265137,101.77074432373047
2025-01-10,27.760000228881836,64.4273452758789,0.5251507759094238,1.5199999809265137,101.39958190917969
2025-01-13,27.760000228881836,64.02574920654297,0.5251507759094238,1.5199999809265137,104.01688385009766
2025-01-14,27.760000228881836,65.00104522705078,0.5251507759094238,1.5199999809265137,104.42613220214844
2025-01-15,27.760000228881836,66.25364685058594,0.5298396944999695,1.5199999809265137,106.12977600097656
2025-01-16,27.760000228881836,68.24249267578125,0.5345284938812256,1.5199999809265137,105.94894409179688
2025-01-17,27.760000228881836,67.65923309326172,0.5251507759094238,1.5199999809265137,106.90068817138672
2025-01-20,27.760000228881836,67.65923309326172,0.5814170241355896,1.5199999809265137,106.90068817138672
2025-01-21,27.760000228881836,67.74528503417969,0.576728105545044,1.5199999809265137,106.09170532226562
2025-01-22,27.760000228881836,65.48870849609375,0.5626616477966309,1.5199999809265137,104.24530792236328
2025-01-23,27.760000228881836,66.19628143310547,0.576728105545044,1.5199999809265137,104.83539581298828
2025-01-24,27.760000228881836,69.63851928710938,0.5861058235168457,1.5199999809265137,103.41728973388672
2025-01-27,27.760000228881836,70.5947036743164,0.5861058235168457,1.5199999809265137,104.85442352294922
2025-01-28,27.760000228881836,67.4488754272461,0.5907947421073914,1.5199999809265137,102.82720184326172
2025-01-29,27.760000228881836,67.78352355957031,0.5907947421073914,1.5199999809265137,103.42679595947266
2025-01-30,27.760000228881836,68.17557525634766,0.5907947421073914,1.5199999809265137,104.28337860107422
2025-01-31,27.760000228881836,68.4241714477539,0.5907947421073914,1.5199999809265137,101.67557525634766
2025-02-03,27.760000228881836,67.9365234375,0.5861058235168457,1.5199999809265137,101.92302703857422
2025-02-04,27.760000228881836,66.8369140625,0.6048611998558044,1.5199999809265137,104.65455627441406
2025-02-05,27.760000228881836,66.16759490966797,0.6001723408699036,1.5199999809265137,104.57842254638672
2025-02-06,27.760000228881836,66.2345199584961,0.6048611998558044,1.5199999809265137,103.19837188720703
2025-02-07,27.760000228881836,65.2783432006836,0.5954835414886475,1.5199999809265137,103.63618469238281
2025-02-10,27.760000228881836,66.64567565917969,0.5954835414886475,1.5199999809265137,105.61582946777344
2025-02-11,27.760000228881836,67.2480697631836,0.5907947421073914,1.5199999809265137,106.28205108642578
2025-02-12,27.760000228881836,66.24409484863281,0.5861058235168457,1.5199999809265137,103.0843734741211
2025-02-13,27.760000228881836,65.59388732910156,0.5814170241355896,1.5199999809265137,103.8333740234375
2025-02-14,27.760000228881836,65.07754516601562,0.5814170241355896,1.5199999809265137,103.93901062011719
2025-02-17,27.760000228881836,65.07754516601562,0.5814170241355896,1.5199999809265137,103.93901062011719
2025-02-18,27.760000228881836,65.49826049804688,0.5907947421073914,1.5199999809265137,105.76351165771484
2025-02-19,27.760000228881836,66.03372192382812,0.5907947421073914,1.5199999809265137,105.91715240478516
2025-02-20,27.760000228881836,67.06639862060547,0.5861058235168457,1.5199999809265137,107.54960632324219
2025-02-21,27.760000228881836,68.44329833984375,0.5814170241355896,1.5199999809265137,106.29166412353516
2025-02-24,27.760000228881836,67.6974868774414,0.5814170241355896,1.5199999809265137,106.8486099243164
2025-02-25,27.760000228881836,68.15644836425781,0.5814170241355896,1.5199999809265137,105.36980438232422
2025-02-26,27.760000228881836,67.89828491210938,0.5720393657684326,1.5199999809265137,105.11052703857422
2025-02-27,27.760000228881836,66.33970642089844,0.576728105545044,1.5199999809265137,105.77311706542969
2025-02-28,27.760000228881836,67.6479263305664,0.5861058235168457,1.5199999809265137,106.90621948242188
2025-03-03,27.760000228881836,69.04582214355469,0.5861058235168457,1.5199999809265137,103.47808074951172
2025-03-04,27.760000228881836,68.3034896850586,0.5814170241355896,1.5199999809265137,103.2668228149414
2025-03-05,27.760000228881836,67.94679260253906,0.5861058235168457,1.5199999809265137,101.25027465820312
2025-03-06,27.760000228881836,67.49368286132812,0.5861058235168457,1.5199999809265137,103.34364318847656
2025-03-07,27.760000228881836,70.21232604980469,0.576728105545044,1.5199999809265137,104.6880111694336
2025-03-10,27.760000228881836,73.42263793945312,0.5861058235168457,1.5199999809265137,107.35755157470703
2025-03-11,27.760000228881836,71.36918640136719,0.5720393657684326,1.5199999809265137,104.82245635986328
2025-03-12,27.760000228881836,70.29907989501953,0.5814170241355896,1.5199999809265137,104.79364013671875
2025-03-13,27.760000228881836,70.11592102050781,0.5814170241355896,1.5199999809265137,104.35191345214844
2025-03-14,27.760000228881836,70.90645599365234,0.5861058235168457,1.5199999809265137,107.45357513427734
2025-03-17,27.760000228881836,69.51819610595703,0.5907947421073914,1.5199999809265137,109.23966979980469
2025-03-18,27.760000228881836,68.15887451171875,0.5954835414886475,1.5199999809265137,109.12443542480469
2025-03-19,27.760000228881836,67.96607208251953,0.5907947421073914,1.5199999809265137,110.82410430908203
2025-03-20,27.760000228881836,68.59269714355469,0.5861058235168457,1.5199999809265137,111.29463958740234
2025-03-21,27.760000228881836,68.33240509033203,0.5907947421073914,1.5199999809265137,110.9105224609375
2025-03-24,27.760000228881836,67.55152130126953,0.5814170241355896,1.5199999809265137,111.1986083984375
2025-03-25,27.760000228881836,66.12471771240234,0.5814170241355896,1.5199999809265137,111.95721435546875
2025-03-26,27.760000228881836,67.22374725341797,0.5907947421073914,1.5199999809265137,113.57046508789062
2025-03-27,27.760000228881836,67.51295471191406,0.6095500588417053,1.5199999809265137,113.20555114746094
2025-03-28,27.760000228881836,67.9178695678711,0.6048611998558044,1.5199999809265137,113.05191802978516
2025-03-31,27.760000228881836,68.342041015625,0.6048611998558044,1.5199999809265137,114.20423889160156
2025-04-01,27.760000228881836,68.3709716796875,0.6048611998558044,1.5199999809265137,114.30986785888672
2025-04-02,27.760000228881836,67.94679260253906,0.5954835414886475,1.5199999809265137,113.95455932617188
2025-04-03,27.760000228881836,69.54711151123047,0.5954835414886475,1.5199999809265137,107.9625244140625
2025-04-04,27.760000228881836,64.5051040649414,0.5861058235168457,1.5199999809265137,100.19398498535156
2025-04-07,27.760000228881836,62.721588134765625,0.5392173528671265,1.5199999809265137,98.849609375
2025-04-08,27.760000228881836,61.80574035644531,0.5626616477966309,1.5199999809265137,96.76582336425781
2025-04-09,27.760000228881836,65.15101623535156,0.5626616477966309,1.5199999809265137,101.59595489501953
2025-04-10,27.760000228881836,64.32193756103516,0.576728105545044,1.5199999809265137,95.95922088623047
2025-04-11,27.760000228881836,63.44463348388672,0.5861058235168457,1.5199999809265137,99.04165649414062
2025-04-14,27.760000228881836,65.25706481933594,0.5814170241355896,1.5199999809265137,99.28172302246094
2025-04-15,27.760000228881836,65.2281494140625,0.5907947421073914,1.5199999809265137,99.00325012207031
2025-04-16,27.760000228881836,63.2807502746582,0.5861058235168457,1.5199999809265137,100.0499496459961
2025-04-17,27.760000228881836,63.92667007446289,0.5907947421073914,1.5199999809265137,102.67144775390625
2025-04-21,27.760000228881836,62.35525131225586,0.5861058235168457,1.5199999809265137,101.16383361816406
2025-04-22,27.760000228881836,64.24480438232422,0.5907947421073914,1.5199999809265137,103.99662780761719
2025-04-23,27.760000228881836,64.85216522216797,0.6001723408699036,1.5199999809265137,103.10357666015625
2025-04-24,27.760000228881836,63.96522521972656,0.5954835414886475,1.5199999809265137,104.31350708007812
2025-04-25,27.760000228881836,63.714561462402344,0.5954835414886475,1.5199999809265137,104.25589752197266
2025-04-28,27.760000228881836,63.81098175048828,0.6095500588417053,1.5199999809265137,104.31350708007812
2025-04-29,27.760000228881836,64.8328857421875,0.6376831531524658,1.5199999809265137,104.05424499511719
2025-04-30,27.760000228881836,64.47618103027344,0.6329943537712097,1.5199999809265137,101.4327163696289
2025-05-01,27.760000228881836,63.67600631713867,0.6329943537712097,1.5199999809265137,101.57675170898438
2025-05-02,27.760000228881836,64.67862701416016,0.6423720717430115,1.5199999809265137,101.98967742919922
2025-05-05,27.760000228881836,63.72421646118164,0.6564385294914246,1.5199999809265137,99.16649627685547
2025-05-06,27.760000228881836,64.14839935302734,0.6738918423652649,1.5199999809265137,100.54927825927734
2025-05-07,27.760000228881836,64.93892669677734,0.6932843327522278,1.5199999809265137,100.45325469970703
2025-05-08,27.760000228881836,65.86443328857422,0.6884362697601318,1.5199999809265137,101.85523223876953
2025-05-09,27.760000228881836,67.78289794921875,0.6787399649620056,1.5199999809265137,103.04595947265625
2025-05-12,27.760000228881836,67.1851806640625,0.6787399649620056,1.5199999809265137,104.82245635986328
2025-05-13,27.760000228881836,69.51819610595703,0.6981325745582581,1.5199999809265137,105.11052703857422
2025-05-14,27.760000228881836,69.59532165527344,0.6981325745582581,1.5199999809265137,104.16946411132812
2025-05-15,27.760000228881836,71.8705062866211,0.7175251841545105,1.5199999809265137,105.2258071899414
2025-05-16,27.760000228881836,72.3043212890625,0.7078288793563843,1.5199999809265137,104.84785461425781
2025-05-19,27.760000228881836,71.2052993774414,0.712677001953125,1.5199999809265137,103.18099212646484
2025-05-20,27.760000228881836,71.73554229736328,0.6835880875587463,1.5199999809265137,101.70793151855469
2025-05-21,27.760000228881836,68.96868896484375,0.6981325745582581,1.5199999809265137,100.4577865600586
2025-05-22,27.760000228881836,64.53402709960938,0.6738918423652649,1.5199999809265137,99.78910827636719
2025-05-23,27.760000228881836,65.32455444335938,0.7029806971549988,1.5199999809265137,99.84724426269531
2025-05-26,27.760000228881836,65.32455444335938,0.6835880875587463,1.5199999809265137,99.84724426269531
2025-05-27,27.760000228881836,65.59449005126953,0.7078288793563843,1.5199999809265137,100.32211303710938
2025-05-28,27.760000228881836,64.79431915283203,0.712677001953125,1.5199999809265137,98.95567321777344
2025-05-29,27.760000228881836,66.51033782958984,0.712677001953125,1.5199999809265137,99.51776123046875
2025-05-30,27.760000228881836,68.10103607177734,0.7223732471466064,1.5199999809265137,99.13980865478516
2025-06-02,27.760000228881836,68.17586517333984,0.7272214293479919,1.5199999809265137,99.86663055419922
2025-06-03,27.760000228881836,68.9533462524414,0.7417658567428589,1.5199999809265137,100.59346771240234
2025-06-04,27.760000228881836,67.91346740722656,0.7369176745414734,1.5199999809265137,99.13980865478516
2025-06-05,27.760000228881836,69.48787689208984,0.7320695519447327,1.5199999809265137,98.68431854248047
2025-06-06,27.760000228881836,70.12930297851562,0.7417658567428589,1.5199999809265137,101.04894256591797
2025-06-09,27.760000228881836,69.87662506103516,0.756310224533081,1.5199999809265137,101.72732543945312
2025-06-10,27.760000228881836,70.76101684570312,0.756310224533081,1.5199999809265137,103.9078140258789
2025-06-11,27.760000228881836,70.94566345214844,0.7514621019363403,1.5199999809265137,105.9332504272461
2025-06-12,27.760000228881836,71.76202392578125,0.756310224533081,1.5199999809265137,106.34027862548828
2025-06-13,27.760000228881836,72.67556762695312,0.7466139197349548,1.5199999809265137,108.65644073486328
2025-06-16,27.760000228881836,71.70372009277344,0.7417658567428589,1.5199999809265137,109.00532531738281
2025-06-17,27.760000228881836,69.8377456665039,0.756310224533081,1.5199999809265137,110.4783706665039
2025-06-18,27.760000228881836,69.55591583251953,0.766006588935852,1.5199999809265137,109.69338989257812
2025-06-19,27.760000228881836,69.55591583251953,0.7611584663391113,1.5199999809265137,109.69338989257812
2025-06-20,27.760000228881836,69.51702880859375,0.7757028341293335,1.5199999809265137,111.15673828125
2025-06-23,27.760000228881836,68.73954772949219,0.7514621019363403,1.5199999809265137,108.28817749023438
2025-06-24,27.760000228881836,69.39069366455078,0.7757028341293335,1.5199999809265137,104.99320983886719
2025-06-25,27.760000228881836,68.36051940917969,0.766006588935852,1.5199999809265137,105.02228546142578
2025-06-26,27.760000228881836,68.99221801757812,0.7757028341293335,1.5199999809265137,106.59223937988281
2025-06-27,27.760000228881836,68.89503479003906,0.7805509567260742,1.5199999809265137,106.00108337402344
2025-06-30,27.760000228881836,67.4664077758789,0.8290324211120605,1.5199999809265137,104.46990203857422
2025-07-01,27.760000228881836,71.00396728515625,0.8726656436920166,1.5199999809265137,105.86541748046875
2025-07-02,27.760000228881836,70.96509552001953,0.8532730937004089,1.5199999809265137,107.6195068359375
2025-07-03,27.760000228881836,71.80089569091797,0.8484249711036682,1.5199999809265137,108.73397064208984
2025-07-04,27.760000228881836,71.80089569091797,0.8435768485069275,1.5199999809265137,108.73397064208984
2025-07-07,27.760000228881836,72.64641571044922,0.8435768485069275,1.5199999809265137,107.67764282226562
2025-07-08,27.760000228881836,70.42086791992188,0.8581212759017944,1.5199999809265137,110.66250610351562
2025-07-09,27.760000228881836,71.57737731933594,0.8678175806999207,1.5199999809265137,110.28455352783203
2025-07-10,27.760000228881836,72.53951263427734,0.9211471080780029,1.5199999809265137,111.379638671875
2025-07-11,27.760000228881836,72.3062744140625,0.9405397176742554,1.5199999809265137,111.86419677734375
2025-07-14,27.760000228881836,72.92826080322266,0.959932267665863,1.5199999809265137,110.40084075927734
2025-07-15,27.760000228881836,72.59782409667969,0.9453878402709961,1.5199999809265137,109.42205047607422
2025-07-16,27.760000228881836,72.66585540771484,0.9647804498672485,1.5199999809265137,108.76304626464844
2025-07-17,27.760000228881836,73.0643081665039,0.9696285128593445,1.5199999809265137,108.21065521240234
2025-07-18,27.760000228881836,73.8126449584961,1.0084136724472046,1.5199999809265137,104.4408187866211
2025-07-21,27.760000228881836,74.02645111083984,0.9793248176574707,1.5199999809265137,104.7121810913086
2025-07-22,27.760000228881836,75.35790252685547,0.9987173080444336,1.5199999809265137,105.1870346069336
2025-07-23,27.760000228881836,70.7707290649414,0.9987173080444336,1.5199999809265137,106.53409576416016
2025-07-24,27.760000228881836,69.94464874267578,0.9987173080444336,1.5199999809265137,107.3675308227539
2025-07-25,27.760000228881836,69.8280258178711,1.0375025272369385,1.5199999809265137,106.98957824707031
2025-07-28,27.760000228881836,69.33238220214844,1.027806282043457,1.5199999809265137,107.99745178222656
2025-07-29,27.760000228881836,69.92521667480469,0.9987173080444336,1.5199999809265137,109.3929672241211
2025-07-30,27.760000228881836,68.99221801757812,0.9793248176574707,1.5199999809265137,108.44325256347656
2025-07-31,27.760000228881836,69.06026458740234,0.959932267665863,1.5199999809265137,108.19127655029297
2025-08-01,27.760000228881836,68.41883850097656,1.0084136724472046,1.5199999809265137,106.25305938720703
2025-08-04,27.760000228881836,68.54518127441406,1.027806282043457,1.5199999809265137,104.05318450927734
2025-08-05,27.760000228881836,69.1768798828125,1.0375025272369385,1.5199999809265137,103.92720031738281
2025-08-06,27.760000228881836,68.55489349365234,1.0665913820266724,1.5199999809265137,103.2197494506836
2025-08-07,27.760000228881836,70.53748321533203,1.0665913820266724,1.5199999809265137,102.67704010009766
2025-08-08,27.760000228881836,70.37226867675781,1.0375025272369385,1.5199999809265137,103.50080108642578
2025-08-11,27.760000228881836,70.41114044189453,1.0471988916397095,1.5199999809265137,102.56075286865234
2025-08-12,27.760000228881836,69.8377456665039,1.0665913820266724,1.5199999809265137,102.85148620605469
2025-08-13,27.760000228881836,70.26537322998047,1.1053764820098877,1.5199999809265137,104.27606964111328
2025-08-14,27.760000228881836,70.20704650878906,1.0375025272369385,1.5199999809265137,104.0628662109375
2025-08-15,27.760000228881836,73.28784942626953,1.0956802368164062,1.5199999809265137,104.16068267822266
2025-08-18,27.760000228881836,73.58911895751953,1.0665913820266724,1.5199999809265137,104.38565826416016
2025-08-19,27.760000228881836,74.35689544677734,1.056895136833191,1.5199999809265137,105.07034301757812
2025-08-20,27.760000228881836,74.03617095947266,1.1247690916061401,1.5199999809265137,106.15605926513672
2025-08-21,27.760000228881836,73.9389877319336,1.1829469203948975,1.5199999809265137,106.84075164794922
2025-08-22,27.760000228881836,74.17222595214844,1.163554310798645,1.5199999809265137,108.84590148925781
2025-08-25,27.760000228881836,73.20037841796875,1.1732505559921265,1.5199999809265137,109.29583740234375
2025-08-26,27.760000228881836,72.73387908935547,1.1344653367996216,1.5199999809265137,109.05130767822266
2025-08-27,27.760000228881836,71.81062316894531,1.1638051271438599,1.5199999809265137,110.28376007080078
2025-08-28,27.760000228881836,70.60304260253906,1.1735849380493164,1.5199999809265137,110.87063598632812
2025-08-29,27.760000228881836,70.56388092041016,1.1735849380493164,1.5199999809265137,111.7900619506836
2025-09-01,27.760000228881836,70.56388092041016,1.1442452669143677,1.5199999809265137,111.7900619506836
2025-09-02,27.760000228881836,71.15150451660156,1.1540250778198242,1.5199999809265137,112.18132019042969
2025-09-03,27.760000228881836,70.15253448486328,1.1540250778198242,1.5199999809265137,109.46212768554688
2025-09-04,27.760000228881836,69.40821838378906,1.183364748954773,1.5199999809265137,109.94140625
2025-09-05,27.760000228881836,69.4375991821289,1.1540250778198242,1.5199999809265137,106.84075164794922
2025-09-08,27.760000228881836,68.33090209960938,1.1638051271438599,1.5199999809265137,107.44718170166016
2025-09-09,27.760000228881836,68.62471771240234,1.1540250778198242,1.5199999809265137,108.22969055175781
2025-09-10,27.760000228881836,69.57470703125,1.1540250778198242,1.5199999809265137,110.03923034667969
2025-09-11,27.760000228881836,69.84893035888672,1.2224842309951782,1.5199999809265137,109.68710327148438
2025-09-12,27.760000228881836,70.1623306274414,1.2127044200897217,1.5199999809265137,109.70665740966797
2025-09-15,27.760000228881836,70.02522277832031,1.2322641611099243,1.5199999809265137,109.89250183105469
2025-09-16,27.760000228881836,68.3896713256836,1.2029244899749756,1.5199999809265137,112.17153930664062
2025-09-17,27.760000228881836,68.8597640991211,1.193144679069519,1.5199999809265137,112.76820373535156
2025-09-18,27.760000228881836,69.32987213134766,1.183364748954773,1.5199999809265137,111.43794250488281
2025-09-19,27.760000228881836,69.6138916015625,1.2029244899749756,1.5199999809265137,110.35221862792969
2025-09-22,27.760000228881836,70.85768127441406,1.193144679069519,1.5199999809265137,109.56971740722656
2025-09-23,27.760000228881836,70.82830810546875,1.1638051271438599,1.5199999809265137,111.45750427246094
2025-09-24,27.760000228881836,72.30716705322266,1.1638051271438599,1.5199999809265137,112.05416107177734
2025-09-25,27.760000228881836,73.1102523803711,1.1540250778198242,1.5199999809265137,113.06163024902344
2025-09-26,27.760000228881836,74.2854995727539,1.114905595779419,1.5199999809265137,114.65597534179688
2025-09-29,27.760000228881836,74.63806915283203,1.114905595779419,1.5199999809265137,111.72160339355469
2025-09-30,27.760000228881836,73.93292236328125,1.1051257848739624,1.5199999809265137,110.28376007080078
2025-10-01,27.760000228881836,77.04732513427734,1.1442452669143677,1.5199999809265137,109.54037475585938
2025-10-02,27.760000228881836,76.56743621826172,1.1344653367996216,1.5199999809265137,108.8556900024414
2025-10-03,27.760000228881836,78.40866088867188,1.1540250778198242,1.5199999809265137,110.78260040283203
2025-10-06,27.760000228881836,80.41637420654297,1.1344653367996216,1.5199999809265137,111.70203399658203
2025-10-07,27.760000228881836,81.49368286132812,1.1540250778198242,1.5199999809265137,111.76072692871094
2025-10-08,27.760000228881836,82.30657196044922,1.1735849380493164,1.5199999809265137,111.52597045898438
2025-10-09,27.760000228881836,81.98336791992188,1.1540250778198242,1.5199999809265137,110.44026184082031
2025-10-10,27.760000228881836,81.63079833984375,1.1442452669143677,1.5199999809265137,108.30793762207031
2025-10-13,27.760000228881836,82.56120300292969,1.1442452669143677,1.5199999809265137,109.78490447998047
2025-10-14,27.760000228881836,82.89419555664062,1.1442452669143677,1.5199999809265137,109.83380889892578
2025-10-15,27.760000228881836,84.02046966552734,1.1638051271438599,1.5199999809265137,109.16868591308594
2025-10-16,27.760000228881836,83.29573822021484,1.1442452669143677,1.5199999809265137,108.21990966796875
2025-10-17,27.760000228881836,82.78646087646484,1.0953458547592163,1.5199999809265137,109.78490447998047
2025-10-20,27.760000228881836,83.0215072631836,1.0953458547592163,1.5199999809265137,110.2348403930664
2025-10-21,27.760000228881836,82.25759887695312,1.124685525894165,1.5199999809265137,110.24462890625
2025-10-22,27.760000228881836,81.13130950927734,1.1540250778198242,1.5199999809265137,112.20088195800781
2025-10-23,27.760000228881836,81.5328598022461,1.1344653367996216,1.5199999809265137,113.44310760498047
2025-10-24,27.760000228881836,82.66893768310547,1.124685525894165,1.5199999809265137,112.86600494384766
2025-10-27,27.760000228881836,84.2555160522461,1.1540250778198242,1.5199999809265137,113.40397644042969
2025-10-28,27.760000228881836,81.84626007080078,1.114905595779419,1.5199999809265137,112.51387786865234
2025-10-29,27.760000228881836,80.07360076904297,1.124685525894165,1.5199999809265137,113.9028091430664
2025-10-30,27.760000228881836,79.95606994628906,1.0953458547592163,1.5199999809265137,112.18132019042969
2025-10-31,27.760000228881836,79.72102355957031,1.0953458547592163,1.5199999809265137,111.85853576660156
2025-11-03,27.760000228881836,80.09317779541016,1.1442452669143677,1.5199999809265137,111.27166748046875
2025-11-04,27.760000228881836,80.00504302978516,1.0953458547592163,1.5199999809265137,111.64334869384766
2025-11-05,27.760000228881836,80.44576263427734,1.0953458547592163,1.5199999809265137,111.19342041015625
2025-11-06,27.760000228881836,80.30864715576172,1.1051257848739624,1.5199999809265137,111.9954833984375
2025-11-07,27.760000228881836,82.1988296508789,1.0855660438537598,1.5199999809265137,114.65597534179688
2025-11-10,27.760000228881836,83.0215072631836,1.0855660438537598,1.5199999809265137,115.63410949707031
2025-11-11,27.760000228881836,83.9910888671875,1.0855660438537598,1.5199999809265137,117.15998077392578
2025-11-12,27.760000228881836,84.11841583251953,1.0855660438537598,1.5199999809265137,115.53629302978516
2025-11-13,27.760000228881836,82.25759887695312,1.0953458547592163,1.5199999809265137,116.19164276123047
2025-11-14,27.760000228881836,82.14986419677734,1.0855660438537598,1.5199999809265137,117.70126342773438
2025-11-17,27.760000228881836,83.98129272460938,1.0562264919281006,1.5199999809265137,116.11270141601562
2025-11-18,27.760000228881836,82.89419555664062,1.0366666316986084,1.5199999809265137,117.44471740722656
2025-11-19,27.760000228881836,82.53182220458984,1.0366666316986084,1.5199999809265137,115.78709411621094
2025-11-20,27.760000228881836,82.56120300292969,1.0464465618133545,1.5199999809265137,115.46148681640625
2025-11-21,27.760000228881836,82.3117446899414,1.0171068906784058,1.5199999809265137,115.52069091796875
2025-11-24,27.760000228881836,83.0512466430664,1.0073269605636597,1.5199999809265137,114.42547607421875
2025-11-25,27.760000228881836,83.64285278320312,1.0073269605636597,1.5199999809265137,112.98491668701172
2025-11-26,27.760000228881836,84.3429183959961,1.0073269605636597,1.5199999809265137,113.241455078125
2025-11-27,27.760000228881836,84.3429183959961,1.0171068906784058,1.5199999809265137,113.241455078125
2025-11-28,27.760000228881836,85.0824203491211,1.0073269605636597,1.5199999809265137,114.37613677978516
2025-12-01,27.760000228881836,83.46537017822266,0.9975471496582031,1.5199999809265137,115.0766830444336
2025-12-02,27.760000228881836,83.39635467529297,0.9975471496582031,1.5199999809265137,113.84333038330078
2025-12-03,27.760000228881836,83.76116943359375,0.9975471496582031,1.5199999809265137,116.2311019897461
2025-12-04,27.760000228881836,82.22300720214844,0.9877672791481018,1.4500000476837158,115.57988739013672
2025-12-05,27.760000228881836,81.96664428710938,0.9779874086380005,1.440000057220459,114.9878921508789
2025-12-08,27.760000228881836,79.42274475097656,0.9877672791481018,1.3799999952316284,114.43534088134766
2025-12-09,27.760000228881836,78.52548217773438,1.0073269605636597,1.4199999570846558,116.67510986328125
2025-12-10,27.760000228881836,80.1326675415039,1.0073269605636597,1.440000057220459,117.94792938232422
2025-12-11,27.760000228881836,80.0735092163086,1.0268867015838623,1.4500000476837158,117.94792938232422
2025-12-12,27.760000228881836,80.50735473632812,1.0562264919281006,1.4299999475479126,117.23751831054688
2025-12-15,27.760000228881836,80.50735473632812,1.0660063028335571,1.409999966621399,116.19164276123047
2025-12-16,27.760000228881836,80.18197631835938,1.0562264919281006,1.3799999952316284,113.15265655517578
2025-12-17,27.760000228881836,79.1663818359375,1.0757861137390137,1.409999966621399,115.84630584716797
2025-12-18,27.760000228881836,79.71855163574219,1.0660063028335571,1.409999966621399,114.9878921508789
2025-12-19,27.760000228881836,78.4268798828125,1.0855660438537598,1.409999966621399,115.1358871459961
2025-12-22,27.760000228881836,78.91989135742188,1.114905595779419,1.409999966621399,116.57644653320312
2025-12-23,27.760000228881836,78.67338562011719,1.124685525894165,1.3899999856948853,117.82952880859375
2025-12-24,27.760000228881836,79.32414245605469,1.1051257848739624,1.409999966621399,117.63218688964844
2025-12-26,27.760000228881836,79.28471374511719,1.1051257848739624,1.409999966621399,117.5236587524414
2025-12-29,27.760000228881836,79.14665985107422,1.124685525894165,1.399999976158142,118.92474365234375
2025-12-30,27.760000228881836,79.40303039550781,1.1344653367996216,1.4199999570846558,119.37861633300781
2025-12-31,27.760000228881836,79.15652465820312,1.1344653367996216,1.5099999904632568,118.73727416992188
2026-01-02,27.760000228881836,79.79742431640625,1.1442452669143677,1.690000057220459,121.01651763916016
2026-01-05,27.760000228881836,80.18197631835938,1.124685525894165,1.7899999618530273,123.69042205810547
2026-01-06,27.760000228881836,79.91575622558594,1.1344653367996216,1.7100000381469727,119.43782043457031
2026-01-07,27.760000228881836,77.27325439453125,1.1344653367996216,1.6299999952316284,116.91191101074219
2026-01-08,27.760000228881836,78.37757873535156,1.124685525894165,1.649999976158142,121.27305603027344
2026-01-09,27.760000228881836,78.77198028564453,1.124685525894165,1.600000023841858,122.95040893554688
2026-01-12,27.760000228881836,79.98477172851562,1.1540250778198242,1.6200000047683716,122.37812805175781
2026-01-13,27.760000228881836,80.49749755859375,1.1735849380493164,1.559999942779541,124.85469818115234
2026-01-14,27.760000228881836,80.8327407836914,1.1638051271438599,1.559999942779541,128.4659423828125
2026-01-15,27.760000228881836,81.039794921875,1.1638051271438599,1.649999976158142,127.41020965576172
2026-01-16,27.760000228881836,82.45964050292969,1.1735849380493164,1.6399999856948853,128.1600799560547
2026-01-19,27.760000228881836,82.45964050292969,1.1540250778198242,1.6399999856948853,128.1600799560547
2026-01-20,27.760000228881836,82.34132385253906,1.1638051271438599,1.659999966621399,128.72250366210938
2026-01-21,27.760000228881836,82.67655944824219,1.1735849380493164,1.6799999475479126,131.83055114746094
2026-01-22,27.760000228881836,83.8794937133789,1.1638051271438599,1.7200000286102295,131.8601531982422
2026-01-23,27.760000228881836,83.62312316894531,1.1638051271438599,1.6799999475479126,133.17242431640625
2026-01-26,27.760000228881836,84.27389526367188,1.183364748954773,1.75,133.0441436767578
2026-01-27,27.760000228881836,85.93038177490234,1.2029244899749756,1.6799999475479126,135.00765991210938
2026-01-28,27.760000228881836,86.3445053100586,1.183364748954773,1.6799999475479126,135.74766540527344
2026-01-29,27.760000228881836,86.94597625732422,1.183364748954773,1.649999976158142,138.63864135742188
2026-01-30,27.760000228881836,86.66988372802734,1.124685525894165,1.6799999475479126,139.51678466796875
2026-02-02,27.760000228881836,85.12186431884766,1.1442452669143677,1.6799999475479126,136.55674743652344
2026-02-03,27.760000228881836,87.57701873779297,1.1442452669143677,1.7000000476837158,141.81576538085938
2026-02-04,27.760000228881836,88.71092224121094,1.1540250778198242,1.6799999475479126,145.6243438720703
2026-02-05,27.760000228881836,87.96155548095703,1.1344653367996216,1.690000057220459,144.13446044921875
2026-02-06,27.760000228881836,88.2179183959961,1.1344653367996216,1.659999966621399,147.06491088867188
2026-02-09,27.760000228881836,88.227783203125,1.1540250778198242,1.7000000476837158,149.19615173339844
2026-02-10,27.760000228881836,89.55888366699219,1.1540250778198242,1.7200000286102295,149.57107543945312
2026-02-11,27.760000228881836,90.08146667480469,1.1442452669143677,1.690000057220459,153.4882049560547
2026-02-12,27.760000228881836,90.64349365234375,1.1442452669143677,1.659999966621399,148.91920471191406
2026-02-13,27.760000228881836,92.48731994628906,1.1344653367996216,1.6699999570846558,147.44918823242188
2026-02-16,27.760000228881836,92.48731994628906,1.1442452669143677,1.6799999475479126,147.44918823242188
2026-02-17,27.760000228881836,91.4125747680664,1.1442452669143677,1.6799999475479126,145.20443725585938
2026-02-18,27.760000228881836,89.94342803955078,1.1442452669143677,1.6799999475479126,149.66415405273438
2026-02-19,27.760000228881836,90.35755157470703,1.1638051271438599,1.7400000095367432,149.95220947265625
2026-02-20,27.760000228881836,90.8899917602539,1.1638051271438599,1.7899999618530273,146.28707885742188
2026-02-23,27.760000228881836,92.74368286132812,1.1735849380493164,1.8600000143051147,149.74362182617188
2026-02-24,27.760000228881836,94.34101104736328,1.1735849380493164,1.840000033378601,148.25372314453125
2026-02-25,27.760000228881836,93.77899169921875,1.2420439720153809,1.7899999618530273,148.05508422851562
2026-02-26,27.760000228881836,90.70265197753906,1.2909433841705322,1.690000057220459,147.53857421875
2026-02-27,27.760000228881836,93.08817291259766,1.320283055305481,1.7000000476837158,151.47189331054688
2026-03-02,27.760000228881836,92.03588104248047,1.3594025373458862,1.6200000047683716,153.1802978515625
2026-03-03,27.760000228881836,91.91675567626953,1.3594025373458862,1.5800000429153442,150.80641174316406
2026-03-04,27.760000228881836,91.92668151855469,1.3398427963256836,1.4800000190734863,148.80996704101562
2026-03-05,27.760000228881836,90.46736907958984,1.4180817604064941,1.5099999904632568,149.74362182617188
2026-03-06,27.760000228881836,90.35816955566406,1.398521900177002,1.5099999904632568,150.1905975341797
2026-03-09,27.760000228881836,91.34097290039062,1.3594025373458862,1.4600000381469727,149.42578125
2026-03-10,27.760000228881836,90.8743896484375,1.3496226072311401,1.5,147.13136291503906
2026-03-11,27.760000228881836,90.99352264404297,1.4376415014266968,1.5299999713897705,150.55809020996094
2026-03-12,27.760000228881836,91.0630111694336,1.476760983467102,1.5399999618530273,152.4949493408203
2026-03-13,27.760000228881836,92.10537719726562,1.398521900177002,1.559999942779541,155.06747436523438
2026-03-16,27.760000228881836,92.14508056640625,1.3887420892715454,1.5199999809265137,156.1699981689453
2026-03-17,27.760000228881836,91.85719299316406,1.3887420892715454,1.5399999618530273,157.73934936523438
2026-03-18,27.760000228881836,90.2986068725586,1.4572012424468994,1.6100000143051147,156.52757263183594
2026-03-19,27.760000228881836,91.73806762695312,1.4474214315414429,1.5299999713897705,157.09373474121094
2026-03-20,27.760000228881836,88.84922790527344,1.476760983467102,1.5800000429153442,158.5935516357422
2026-03-23,27.760000228881836,89.57392120361328,1.4180817604064941,1.5299999713897705,160.04371643066406
2026-03-24,27.760000228881836,90.95381164550781,1.4474214315414429,1.5499999523162842,164.2650604248047
2026-03-25,27.760000228881836,90.49716186523438,1.5647798776626587,1.600000023841858,162.1593475341797
2026-03-26,27.760000228881836,90.49716186523438,1.5941194295883179,1.4900000095367432,164.31471252441406
2026-03-27,27.760000228881836,90.73541259765625,1.6136791706085205,1.4700000286102295,169.8372344970703
2026-03-30,27.760000228881836,91.38068389892578,1.603899359703064,1.4700000286102295,170.31399536132812
2026-03-31,27.760000228881836,92.20464324951172,1.5158804655075073,1.440000057220459,168.51620483398438
2026-04-01,27.760000228881836,92.17486572265625,1.6136791706085205,1.5199999809265137,159.69607543945312
2026-04-02,27.760000228881836,92.47268676757812,1.5843396186828613,1.4700000286102295,159.60667419433594
2026-04-06,29.15999984741211,92.05574035644531,1.672358512878418,1.4299999475479126,162.2686004638672
2026-04-07,29.440000534057617,92.98889923095703,1.6430188417434692,1.4500000476837158,162.8049774169922
2026-04-08,32.470001220703125,93.48526763916016,1.672358512878418,1.4700000286102295,155.16680908203125
2026-04-09,32.380001068115234,93.79301452636719,1.6430188417434692,1.4299999475479126,153.99476623535156
2026-04-10,32.43000030517578,93.39592742919922,1.6430188417434692,1.440000057220459,151.4818115234375
2026-04-13,33.54999923706055,91.62886810302734,1.6430188417434692,1.399999976158142,151.61094665527344
2026-04-14,35.56999969482422,90.64606475830078,1.6527987718582153,1.4299999475479126,148.23387145996094
2026-04-15,34.470001220703125,90.57656860351562,1.6332389116287231,1.409999966621399,148.0054168701172
2026-04-16,35.040000915527344,91.16228485107422,1.6234591007232666,1.399999976158142,150.9553985595703
2026-04-17,35.59000015258789,91.31119537353516,1.603899359703064,1.3600000143051147,145.45274353027344
2026-04-20,35.06999969482422,91.34097290039062,1.5843396186828613,1.309999942779541,146.6843719482422
2026-04-21,34.93000030517578,89.94122314453125,1.603899359703064,1.399999976158142,147.35980224609375
2026-04-22,37.29999923706055,89.34558868408203,1.603899359703064,1.409999966621399,148.4921112060547
2026-04-23,36.36000061035156,95.55014038085938,1.5941194295883179,1.399999976158142,149.51516723632812
2026-04-24,37.20000076293945,94.58719635009766,1.5745596885681152,1.4700000286102295,147.90609741210938
2026-04-27,38.56999969482422,94.14047241210938,1.5647798776626587,1.4299999475479126,147.19094848632812
2026-04-28,37.33000183105469,95.80825805664062,1.5647798776626587,1.3899999856948853,149.5449676513672
2026-04-29,38.22999954223633,93.48526763916016,1.545220136642456,1.3700000047683716,153.62725830078125
2026-04-30,39.33000183105469,97.16828918457031,1.5354403257369995,1.4600000381469727,153.28955078125
2026-05-01,40.40999984741211,96.24504852294922,1.5354403257369995,1.4600000381469727,151.72019958496094
2026-05-04,42.470001220703125,94.8155288696289,1.5550000667572021,1.4900000095367432,152.65386962890625
2026-05-05,46.290000915527344,95.57992553710938,1.5199999809265137,1.3799999952316284,153.83584594726562
2026-05-06,48.68000030517578,94.69639587402344,1.5099999904632568,1.3300000429153442,147.6875762939453
2026-05-07,46.54999923706055,92.64144897460938,1.600000023841858,1.3600000143051147,145.591796875
2026-05-08,52.79999923706055,92.42304992675781,1.6399999856948853,1.3200000524520874,143.59535217285156
2026-05-11,55.08000183105469,94.150390625,1.5800000429153442,1.2999999523162842,148.6708984375
2026-05-12,51.29999923706055,93.90221405029297,1.5800000429153442,1.3300000429153442,149.614501953125
2026-05-13,54.540000915527344,94.16032409667969,1.6299999952316284,1.2999999523162842,150.5481719970703
2026-05-14,53.790000915527344,94.98429107666016,1.7300000190734863,1.2799999713897705,151.75
2026-05-15,51.099998474121094,92.68115997314453,1.649999976158142,1.2899999618530273,157.9199981689453
2026-05-18,49.31999969482422,88.39257049560547,1.6699999570846558,1.2000000476837158,160.49000549316406
2026-05-19,49.77000045776367,89.4051513671875,1.6399999856948853,1.2300000190734863,162.5500030517578
2026-05-20,51.5099983215332,87.62816619873047,1.6200000047683716,1.2000000476837158,156.27999877929688
2026-05-21,54.34000015258789,89.03784942626953,1.590000033378601,1.2999999523162842,155.2899932861328
2026-05-22,52.81999969482422,87.90613555908203,1.5299999713897705,1.340000033378601,154.9199981689453
2026-05-25,52.81999969482422,87.90613555908203,1.5299999713897705,1.350000023841858,154.9199981689453
2026-05-26,60.5099983215332,87.01268005371094,1.4900000095367432,1.350000023841858,149.80999755859375
2026-05-27,60.72999954223633,87.01268005371094,1.4900000095367432,1.350000023841858,147.89999389648438
2026-05-28,62.56999969482422,86.61558532714844,1.4700000286102295,1.350000023841858,146.9600067138672
2026-05-29,63.20000076293945,86.37733459472656,1.5,1.3700000047683716,145.25999450683594
2026-06-01,68.0,83.05168914794922,1.5,1.3700000047683716,149.3800048828125
2026-06-02,69.56999969482422,85.05699920654297,1.5,1.3600000143051147,149.55999755859375
2026-06-03,69.70999908447266,83.96500396728516,1.4900000095367432,1.3899999856948853,152.52999877929688
2026-06-04,65.69999694824219,85.05699920654297,1.4700000286102295,1.399999976158142,152.0399932861328
2026-06-05,55.790000915527344,85.83999633789062,1.5,1.440000057220459,149.9199981689453
2026-06-08,60.52000045776367,84.01000213623047,1.4800000190734863,1.3899999856948853,151.75
2026-06-09,59.86000061035156,84.83000183105469,1.4700000286102295,1.4299999475479126,148.91000366210938
2026-06-10,57.369998931884766,85.12000274658203,1.4500000476837158,1.4199999570846558,150.6199951171875
2026-06-11,65.12000274658203,84.83999633789062,1.4700000286102295,1.3799999952316284,146.60000610351562
2026-06-12,65.01000213623047,85.98999786376953,1.4500000476837158,1.3899999856948853,147.00999450683594
2026-06-15,71.06999969482422,86.12000274658203,1.4700000286102295,1.3899999856948853,140.9199981689453
2026-06-16,68.12000274658203,86.2300033569336,1.4600000381469727,1.3700000047683716,141.86000061035156
2026-06-17,69.94999694824219,85.7300033569336,1.440000057220459,1.3300000429153442,140.74000549316406
2026-06-18,76.70999908447266,86.75,1.440000057220459,1.3899999856948853,137.80999755859375
2026-06-19,76.70999908447266,86.75,1.4600000381469727,1.350000023841858,137.80999755859375
2026-06-22,80.72000122070312,86.08000183105469,1.4299999475479126,1.3300000429153442,138.47000122070312
2026-06-23,69.22000122070312,86.43000030517578,1.3899999856948853,1.340000033378601,139.72999572753906
2026-06-24,69.93000030517578,87.62000274658203,1.3700000047683716,1.3300000429153442,136.89999389648438
2026-06-25,76.88999938964844,87.69999694824219,1.3799999952316284,1.2799999713897705,137.5500030517578
2026-06-26,71.87999725341797,88.55999755859375,1.350000023841858,1.2300000190734863,136.5399932861328
2026-06-29,71.94000244140625,88.66000366210938,1.350000023841858,1.2699999809265137,136.05999755859375
2026-06-30,73.8499984741211,87.7699966430664,1.350000023841858,1.25,136.72000122070312
2026-07-01,65.86000061035156,86.37000274658203,1.340000033378601,1.2300000190734863,136.27999877929688
2026-07-02,60.630001068115234,88.33999633789062,1.350000023841858,1.2200000286102295,137.08999633789062
2026-07-03,60.630001068115234,88.33999633789062,1.350000023841858,1.2699999809265137,137.08999633789062
2026-07-06,64.76000213623047,87.44000244140625,1.3799999952316284,1.2999999523162842,136.44000244140625
2026-07-07,64.76000213623047,87.44000244140625,1.5099999904632568,1.25,136.44000244140625
